# Blender 4.5.1 LTS
# www.blender.org
mtllib lev.556cmag100.mtl
o ammoModel
v 0.003846 -1.542308 0.773077
v 0.388462 -1.542308 0.773077
v 0.003846 -2.303846 0.773077
v 0.388462 -2.303846 0.773077
v 0.388461 -1.542308 -0.773077
v 0.003846 -1.542308 -0.773077
v 0.388461 -2.303846 -0.773077
v 0.003846 -2.303846 -0.773077
v 0.388461 -1.542308 -0.773077
v 0.388462 -1.542308 0.773077
v 0.003846 -1.542308 -0.773077
v 0.003846 -1.542308 0.773077
v 0.003846 -2.303846 -0.773077
v 0.003846 -2.303846 0.773077
v 0.388461 -2.303846 -0.773077
v 0.388462 -2.303846 0.773077
v 0.003846 -1.542308 -0.773077
v 0.003846 -1.542308 0.773077
v 0.003846 -2.303846 -0.773077
v 0.003846 -2.303846 0.773077
v 0.388462 -1.542308 0.773077
v 0.388461 -1.542308 -0.773077
v 0.388462 -2.303846 0.773077
v 0.388461 -2.303846 -0.773077
v 0.000000 0.000000 0.392308
v 1.923077 0.000000 0.392308
v 0.000000 -1.538462 0.392308
v 1.923077 -1.538462 0.392308
v 1.923077 0.000000 -0.376923
v -0.000000 0.000000 -0.376923
v 1.923077 -1.538462 -0.376923
v -0.000000 -1.538462 -0.376923
v 1.923077 0.000000 -0.376923
v 1.923077 0.000000 0.392308
v -0.000000 0.000000 -0.376923
v 0.000000 0.000000 0.392308
v -0.000000 -1.538462 -0.376923
v 0.000000 -1.538462 0.392308
v 1.923077 -1.538462 -0.376923
v 1.923077 -1.538462 0.392308
v -0.000000 0.000000 -0.376923
v 0.000000 0.000000 0.392308
v -0.000000 -1.538462 -0.376923
v 0.000000 -1.538462 0.392308
v 1.923077 0.000000 0.392308
v 1.923077 0.000000 -0.376923
v 1.923077 -1.538462 0.392308
v 1.923077 -1.538462 -0.376923
v 0.384615 0.000000 -0.769231
v 2.307692 0.000000 -0.769231
v 0.384615 -2.307692 -0.769231
v 2.307692 -2.307692 -0.769231
v 2.307692 0.000000 -3.076923
v 0.384615 0.000000 -3.076923
v 2.307692 -2.307692 -3.076923
v 0.384615 -2.307692 -3.076923
v 2.307692 0.000000 -3.076923
v 2.307692 0.000000 -0.769231
v 0.384615 0.000000 -3.076923
v 0.384615 0.000000 -0.769231
v 0.384615 -2.307692 -3.076923
v 0.384615 -2.307692 -0.769231
v 2.307692 -2.307692 -3.076923
v 2.307692 -2.307692 -0.769231
v 0.384615 0.000000 -3.076923
v 0.384615 0.000000 -0.769231
v 0.384615 -2.307692 -3.076923
v 0.384615 -2.307692 -0.769231
v 2.307692 0.000000 -0.769231
v 2.307692 0.000000 -3.076923
v 2.307692 -2.307692 -0.769231
v 2.307692 -2.307692 -3.076923
v 0.384615 0.000000 3.076923
v 2.307692 0.000000 3.076923
v 0.384615 -2.307692 3.076923
v 2.307692 -2.307692 3.076923
v 2.307692 0.000000 0.769231
v 0.384615 0.000000 0.769231
v 2.307692 -2.307692 0.769231
v 0.384615 -2.307692 0.769231
v 2.307692 0.000000 0.769231
v 2.307692 0.000000 3.076923
v 0.384615 0.000000 0.769231
v 0.384615 0.000000 3.076923
v 0.384615 -2.307692 0.769231
v 0.384615 -2.307692 3.076923
v 2.307692 -2.307692 0.769231
v 2.307692 -2.307692 3.076923
v 0.384615 0.000000 0.769231
v 0.384615 0.000000 3.076923
v 0.384615 -2.307692 0.769231
v 0.384615 -2.307692 3.076923
v 2.307692 0.000000 3.076923
v 2.307692 0.000000 0.769231
v 2.307692 -2.307692 3.076923
v 2.307692 -2.307692 0.769231
v 0.384615 -1.538462 0.769231
v 2.307692 -1.538462 0.769231
v 0.384615 -2.307692 0.769231
v 2.307692 -2.307692 0.769231
v 2.307692 -1.538462 -0.769231
v 0.384615 -1.538462 -0.769231
v 2.307692 -2.307692 -0.769231
v 0.384615 -2.307692 -0.769231
v 2.307692 -1.538462 -0.769231
v 2.307692 -1.538462 0.769231
v 0.384615 -1.538462 -0.769231
v 0.384615 -1.538462 0.769231
v 0.384615 -2.307692 -0.769231
v 0.384615 -2.307692 0.769231
v 2.307692 -2.307692 -0.769231
v 2.307692 -2.307692 0.769231
v 0.384615 -1.538462 -0.769231
v 0.384615 -1.538462 0.769231
v 0.384615 -2.307692 -0.769231
v 0.384615 -2.307692 0.769231
v 2.307692 -1.538462 0.769231
v 2.307692 -1.538462 -0.769231
v 2.307692 -2.307692 0.769231
v 2.307692 -2.307692 -0.769231
v 0.000000 0.769231 0.393077
v 1.923077 0.769231 0.393077
v 0.000000 0.000000 0.393077
v 1.923077 0.000000 0.393077
v 1.923077 0.769231 0.392308
v 0.000000 0.769231 0.392308
v 1.923077 0.000000 0.392308
v 0.000000 0.000000 0.392308
v 1.923077 0.769231 0.392308
v 1.923077 0.769231 0.393077
v 0.000000 0.769231 0.392308
v 0.000000 0.769231 0.393077
v 0.000000 0.000000 0.392308
v 0.000000 0.000000 0.393077
v 1.923077 0.000000 0.392308
v 1.923077 0.000000 0.393077
v 0.000000 0.769231 0.392308
v 0.000000 0.769231 0.393077
v 0.000000 0.000000 0.392308
v 0.000000 0.000000 0.393077
v 1.923077 0.769231 0.393077
v 1.923077 0.769231 0.392308
v 1.923077 0.000000 0.393077
v 1.923077 0.000000 0.392308
v -0.000000 0.769231 -0.376154
v 1.923077 0.769231 -0.376154
v -0.000000 0.000000 -0.376154
v 1.923077 0.000000 -0.376154
v 1.923077 0.769231 -0.376923
v -0.000000 0.769231 -0.376923
v 1.923077 0.000000 -0.376923
v -0.000000 0.000000 -0.376923
v 1.923077 0.769231 -0.376923
v 1.923077 0.769231 -0.376154
v -0.000000 0.769231 -0.376923
v -0.000000 0.769231 -0.376154
v -0.000000 0.000000 -0.376923
v -0.000000 0.000000 -0.376154
v 1.923077 0.000000 -0.376923
v 1.923077 0.000000 -0.376154
v -0.000000 0.769231 -0.376923
v -0.000000 0.769231 -0.376154
v -0.000000 0.000000 -0.376923
v -0.000000 0.000000 -0.376154
v 1.923077 0.769231 -0.376154
v 1.923077 0.769231 -0.376923
v 1.923077 0.000000 -0.376154
v 1.923077 0.000000 -0.376923
v 1.922308 0.384615 0.392308
v 1.923077 0.384615 0.392308
v 1.922308 0.000000 0.392308
v 1.923077 0.000000 0.392308
v 1.923077 0.384615 -0.376923
v 1.922308 0.384615 -0.376923
v 1.923077 0.000000 -0.376923
v 1.922308 0.000000 -0.376923
v 1.923077 0.384615 -0.376923
v 1.923077 0.384615 0.392308
v 1.922308 0.384615 -0.376923
v 1.922308 0.384615 0.392308
v 1.922308 0.000000 -0.376923
v 1.922308 0.000000 0.392308
v 1.923077 0.000000 -0.376923
v 1.923077 0.000000 0.392308
v 1.922308 0.384615 -0.376923
v 1.922308 0.384615 0.392308
v 1.922308 0.000000 -0.376923
v 1.922308 0.000000 0.392308
v 1.923077 0.384615 0.392308
v 1.923077 0.384615 -0.376923
v 1.923077 0.000000 0.392308
v 1.923077 0.000000 -0.376923
v 0.003846 -0.003846 -0.773077
v 0.380769 -0.003846 -0.773077
v 0.003846 -2.303846 -0.773077
v 0.380769 -2.303846 -0.773077
v 0.380769 -0.003846 -3.073076
v 0.003846 -0.003846 -3.073076
v 0.380769 -2.303846 -3.073076
v 0.003846 -2.303846 -3.073076
v 0.380769 -0.003846 -3.073076
v 0.380769 -0.003846 -0.773077
v 0.003846 -0.003846 -3.073076
v 0.003846 -0.003846 -0.773077
v 0.003846 -2.303846 -3.073076
v 0.003846 -2.303846 -0.773077
v 0.380769 -2.303846 -3.073076
v 0.380769 -2.303846 -0.773077
v 0.003846 -0.003846 -3.073076
v 0.003846 -0.003846 -0.773077
v 0.003846 -2.303846 -3.073076
v 0.003846 -2.303846 -0.773077
v 0.380769 -0.003846 -0.773077
v 0.380769 -0.003846 -3.073076
v 0.380769 -2.303846 -0.773077
v 0.380769 -2.303846 -3.073076
v 0.003846 -0.003846 3.073076
v 0.380769 -0.003846 3.073076
v 0.003846 -2.303846 3.073076
v 0.380769 -2.303846 3.073076
v 0.380769 -0.003846 0.773077
v 0.003846 -0.003846 0.773077
v 0.380769 -2.303846 0.773077
v 0.003846 -2.303846 0.773077
v 0.380769 -0.003846 0.773077
v 0.380769 -0.003846 3.073076
v 0.003846 -0.003846 0.773077
v 0.003846 -0.003846 3.073076
v 0.003846 -2.303846 0.773077
v 0.003846 -2.303846 3.073076
v 0.380769 -2.303846 0.773077
v 0.380769 -2.303846 3.073076
v 0.003846 -0.003846 0.773077
v 0.003846 -0.003846 3.073076
v 0.003846 -2.303846 0.773077
v 0.003846 -2.303846 3.073076
v 0.380769 -0.003846 3.073076
v 0.380769 -0.003846 0.773077
v 0.380769 -2.303846 3.073076
v 0.380769 -2.303846 0.773077
vn -0.0000 -0.0000 1.0000
vn -0.0000 -0.0000 -1.0000
vn -0.0000 1.0000 -0.0000
vn -0.0000 -1.0000 -0.0000
vn -1.0000 -0.0000 -0.0000
vn 1.0000 -0.0000 -0.0000
vt 0.375000 0.562500
vt 0.375000 0.531250
vt 0.390625 0.562500
vt 0.390625 0.531250
vt 0.406250 0.562500
vt 0.406250 0.531250
vt 0.421875 0.562500
vt 0.421875 0.531250
vt 0.093750 0.546875
vt 0.093750 0.562500
vt 0.031250 0.546875
vt 0.031250 0.562500
vt 0.500000 0.875000
vt 0.500000 0.859375
vt 0.437500 0.875000
vt 0.437500 0.859375
vt 0.406250 0.750000
vt 0.406250 0.718750
vt 0.468750 0.750000
vt 0.468750 0.718750
vt 0.406250 0.781250
vt 0.468750 0.781250
vt 0.000000 0.625000
vt 0.000000 0.562500
vt 0.078125 0.625000
vt 0.078125 0.562500
vt 0.375000 1.000000
vt 0.375000 0.937500
vt 0.453125 1.000000
vt 0.453125 0.937500
vt 0.406250 0.734375
vt 0.406250 0.812500
vt 0.375000 0.734375
vt 0.375000 0.812500
vt 0.281250 0.625000
vt 0.281250 0.546875
vt 0.250000 0.625000
vt 0.250000 0.546875
vt 0.156250 0.593750
vt 0.156250 0.531250
vt 0.187500 0.593750
vt 0.187500 0.531250
vt 0.375000 0.625000
vt 0.406250 0.625000
vt 0.187500 0.812500
vt 0.187500 0.718750
vt 0.265625 0.812500
vt 0.265625 0.718750
vt 0.000000 0.718750
vt 0.078125 0.718750
vt 0.375000 0.921875
vt 0.281250 0.921875
vt 0.281250 1.000000
vt 0.187500 0.640625
vt 0.093750 0.718750
vt 0.093750 0.640625
vt 0.000000 0.906250
vt 0.000000 0.812500
vt 0.093750 0.906250
vt 0.093750 0.812500
vt 0.000000 1.000000
vt 0.093750 1.000000
vt 0.281250 0.906250
vt 0.281250 0.812500
vt 0.359375 0.906250
vt 0.359375 0.812500
vt 0.187500 0.625000
vt 0.265625 0.625000
vt 0.281250 0.734375
vt 0.375000 0.718750
vt 0.375000 0.640625
vt 0.281250 0.718750
vt 0.281250 0.640625
vt 0.187500 1.000000
vt 0.187500 0.906250
vt 0.375000 0.687500
vt 0.375000 0.656250
vt 0.453125 0.687500
vt 0.453125 0.656250
vt 0.453125 0.625000
vt 0.437500 0.937500
vt 0.375000 0.859375
vt 0.156250 0.625000
vt 0.156250 0.546875
vt 0.093750 0.625000
vt 0.468750 0.812500
vt 0.187500 0.562500
vt 0.250000 0.593750
vt 0.250000 0.562500
vt 0.281250 0.593750
vt 0.359375 0.625000
vt 0.359375 0.593750
vt 0.453125 0.718750
vt 0.000000 0.921875
vt 0.000000 0.968750
vt 0.234375 0.625000
vt 0.234375 0.593750
vt 0.375000 0.843750
vt 0.453125 0.843750
vt 0.453125 0.812500
vt 0.000000 0.984375
vt 0.031250 1.000000
vt 0.218750 0.562500
vt 0.218750 0.546875
vt 0.187500 0.546875
vt 0.281250 0.500000
vt 0.296875 0.593750
vt 0.296875 0.500000
vt 0.312500 0.593750
vt 0.312500 0.500000
vt 0.328125 0.593750
vt 0.328125 0.500000
vt 0.500000 0.609375
vt 0.500000 0.625000
vt 0.406250 0.609375
vt 0.500000 0.593750
vt 0.500000 0.578125
vt 0.406250 0.593750
vt 0.406250 0.578125
vt 0.343750 0.593750
vt 0.343750 0.500000
vt 0.359375 0.500000
vt 0.000000 0.468750
vt 0.015625 0.562500
vt 0.015625 0.468750
vt 0.531250 0.921875
vt 0.531250 0.937500
vt 0.437500 0.921875
vt 0.531250 0.906250
vt 0.531250 0.890625
vt 0.437500 0.906250
vt 0.437500 0.890625
s 0
usemtl Material_0.001
f 1/1/1 3/2/1 2/3/1
f 3/2/1 4/4/1 2/3/1
f 5/5/2 7/6/2 6/7/2
f 7/6/2 8/8/2 6/7/2
f 9/9/3 11/10/3 10/11/3
f 11/10/3 12/12/3 10/11/3
f 13/13/4 15/14/4 14/15/4
f 15/14/4 16/16/4 14/15/4
f 17/17/5 19/18/5 18/19/5
f 19/18/5 20/20/5 18/19/5
f 21/21/6 23/17/6 22/22/6
f 23/17/6 24/19/6 22/22/6
f 25/23/1 27/24/1 26/25/1
f 27/24/1 28/26/1 26/25/1
f 29/27/2 31/28/2 30/29/2
f 31/28/2 32/30/2 30/29/2
f 33/31/3 35/32/3 34/33/3
f 35/32/3 36/34/3 34/33/3
f 37/35/4 39/36/4 38/37/4
f 39/36/4 40/38/4 38/37/4
f 41/39/5 43/40/5 42/41/5
f 43/40/5 44/42/5 42/41/5
f 45/43/6 47/1/6 46/44/6
f 47/1/6 48/5/6 46/44/6
f 49/45/1 51/46/1 50/47/1
f 51/46/1 52/48/1 50/47/1
f 53/49/2 55/23/2 54/50/2
f 55/23/2 56/25/2 54/50/2
f 57/51/3 59/27/3 58/52/3
f 59/27/3 60/53/3 58/52/3
f 61/46/4 63/54/4 62/55/4
f 63/54/4 64/56/4 62/55/4
f 65/57/5 67/58/5 66/59/5
f 67/58/5 68/60/5 66/59/5
f 69/61/6 71/57/6 70/62/6
f 71/57/6 72/59/6 70/62/6
f 73/63/1 75/64/1 74/65/1
f 75/64/1 76/66/1 74/65/1
f 77/46/2 79/67/2 78/48/2
f 79/67/2 80/68/2 78/48/2
f 81/33/3 83/34/3 82/69/3
f 83/34/3 84/64/3 82/69/3
f 85/70/4 87/71/4 86/72/4
f 87/71/4 88/73/4 86/72/4
f 89/74/5 91/75/5 90/53/5
f 91/75/5 92/63/5 90/53/5
f 93/58/6 95/49/6 94/60/6
f 95/49/6 96/55/6 94/60/6
f 97/76/1 99/77/1 98/78/1
f 99/77/1 100/79/1 98/78/1
f 101/77/2 103/43/2 102/79/2
f 103/43/2 104/80/2 102/79/2
f 105/16/3 107/81/3 106/82/3
f 107/81/3 108/28/3 106/82/3
f 109/83/4 111/84/4 110/85/4
f 111/84/4 112/9/4 110/85/4
f 113/32/5 115/21/5 114/86/5
f 115/21/5 116/22/5 114/86/5
f 117/41/6 119/87/6 118/88/6
f 119/87/6 120/89/6 118/88/6
f 121/35/1 123/90/1 122/91/1
f 123/90/1 124/92/1 122/91/1
f 125/70/2 127/76/2 126/93/2
f 127/76/2 128/78/2 126/93/2
f 129/94/3 131/61/3 130/94/3
f 131/61/3 132/61/3 130/94/3
f 133/61/4 135/94/4 134/61/4
f 135/94/4 136/94/4 134/61/4
f 137/61/5 139/95/5 138/61/5
f 139/95/5 140/95/5 138/61/5
f 141/61/6 143/95/6 142/61/6
f 143/95/6 144/95/6 142/61/6
f 145/83/1 147/39/1 146/96/1
f 147/39/1 148/97/1 146/96/1
f 149/98/2 151/34/2 150/99/2
f 151/34/2 152/100/2 150/99/2
f 153/94/3 155/61/3 154/94/3
f 155/61/3 156/61/3 154/94/3
f 157/61/4 159/94/4 158/61/4
f 159/94/4 160/94/4 158/61/4
f 161/61/5 163/95/5 162/61/5
f 163/95/5 164/95/5 162/61/5
f 165/61/6 167/95/6 166/61/6
f 167/95/6 168/95/6 166/61/6
f 169/61/1 171/101/1 170/61/1
f 171/101/1 172/101/1 170/61/1
f 173/61/2 175/101/2 174/61/2
f 175/101/2 176/101/2 174/61/2
f 177/102/3 179/102/3 178/61/3
f 179/102/3 180/61/3 178/61/3
f 181/102/4 183/102/4 182/61/4
f 183/102/4 184/61/4 182/61/4
f 185/103/5 187/104/5 186/89/5
f 187/104/5 188/38/5 186/89/5
f 189/87/6 191/105/6 190/103/6
f 191/105/6 192/104/6 190/103/6
f 193/90/1 195/106/1 194/107/1
f 195/106/1 196/108/1 194/107/1
f 197/109/2 199/110/2 198/111/2
f 199/110/2 200/112/2 198/111/2
f 201/113/3 203/114/3 202/115/3
f 203/114/3 204/44/3 202/115/3
f 205/116/4 207/117/4 206/118/4
f 207/117/4 208/119/4 206/118/4
f 209/59/5 211/60/5 210/75/5
f 211/60/5 212/45/5 210/75/5
f 213/62/6 215/59/6 214/74/6
f 215/59/6 216/75/6 214/74/6
f 217/120/1 219/121/1 218/92/1
f 219/121/1 220/122/1 218/92/1
f 221/24/2 223/123/2 222/124/2
f 223/123/2 224/125/2 222/124/2
f 225/126/3 227/127/3 226/128/3
f 227/127/3 228/81/3 226/128/3
f 229/129/4 231/130/4 230/131/4
f 231/130/4 232/132/4 230/131/4
f 233/75/5 235/45/5 234/63/5
f 235/45/5 236/64/5 234/63/5
f 237/60/6 239/55/6 238/45/6
f 239/55/6 240/46/6 238/45/6
o bulletModel_0
v 1.326923 0.557692 0.307692
v 1.903846 0.557692 0.307692
v 1.326923 0.250000 0.307692
v 1.903846 0.250000 0.307692
v 1.903846 0.557692 -0.000000
v 1.326923 0.557692 -0.000000
v 1.903846 0.250000 -0.000000
v 1.326923 0.250000 -0.000000
v 1.903846 0.557692 -0.000000
v 1.903846 0.557692 0.307692
v 1.326923 0.557692 -0.000000
v 1.326923 0.557692 0.307692
v 1.326923 0.250000 -0.000000
v 1.326923 0.250000 0.307692
v 1.903846 0.250000 -0.000000
v 1.903846 0.250000 0.307692
v 1.326923 0.557692 -0.000000
v 1.326923 0.557692 0.307692
v 1.326923 0.250000 -0.000000
v 1.326923 0.250000 0.307692
v 1.903846 0.557692 0.307692
v 1.903846 0.557692 -0.000000
v 1.903846 0.250000 0.307692
v 1.903846 0.250000 -0.000000
v 0.019231 0.615385 0.365385
v 0.942308 0.615385 0.365385
v 0.019231 0.192308 0.365385
v 0.942308 0.192308 0.365385
v 0.942308 0.615385 -0.057692
v 0.019231 0.615385 -0.057692
v 0.942308 0.192308 -0.057692
v 0.019231 0.192308 -0.057692
v 0.942308 0.615385 -0.057692
v 0.942308 0.615385 0.365385
v 0.019231 0.615385 -0.057692
v 0.019231 0.615385 0.365385
v 0.019231 0.192308 -0.057692
v 0.019231 0.192308 0.365385
v 0.942308 0.192308 -0.057692
v 0.942308 0.192308 0.365385
v 0.019231 0.615385 -0.057692
v 0.019231 0.615385 0.365385
v 0.019231 0.192308 -0.057692
v 0.019231 0.192308 0.365385
v 0.942308 0.615385 0.365385
v 0.942308 0.615385 -0.057692
v 0.942308 0.192308 0.365385
v 0.942308 0.192308 -0.057692
v 0.942308 0.596154 0.346154
v 1.365384 0.596154 0.346154
v 0.942308 0.211538 0.346154
v 1.365384 0.211538 0.346154
v 1.365384 0.596154 -0.038462
v 0.942308 0.596154 -0.038462
v 1.365384 0.211538 -0.038462
v 0.942308 0.211538 -0.038462
v 1.365384 0.596154 -0.038462
v 1.365384 0.596154 0.346154
v 0.942308 0.596154 -0.038462
v 0.942308 0.596154 0.346154
v 0.942308 0.211538 -0.038462
v 0.942308 0.211538 0.346154
v 1.365384 0.211538 -0.038462
v 1.365384 0.211538 0.346154
v 0.942308 0.596154 -0.038462
v 0.942308 0.596154 0.346154
v 0.942308 0.211538 -0.038462
v 0.942308 0.211538 0.346154
v 1.365384 0.596154 0.346154
v 1.365384 0.596154 -0.038462
v 1.365384 0.211538 0.346154
v 1.365384 0.211538 -0.038462
vn -0.0000 -0.0000 1.0000
vn -0.0000 -0.0000 -1.0000
vn -0.0000 1.0000 -0.0000
vn -0.0000 -1.0000 -0.0000
vn -1.0000 -0.0000 -0.0000
vn 1.0000 -0.0000 -0.0000
vt 0.062500 0.531250
vt 0.062500 0.515625
vt 0.093750 0.531250
vt 0.093750 0.515625
vt 0.125000 0.531250
vt 0.125000 0.515625
vt 0.140625 0.500000
vt 0.140625 0.531250
vt 0.125000 0.500000
vt 0.171875 0.531250
vt 0.171875 0.500000
vt 0.156250 0.531250
vt 0.156250 0.500000
vt 0.093750 0.500000
vt 0.093750 0.484375
vt 0.109375 0.500000
vt 0.109375 0.484375
vt 0.062500 0.500000
vt 0.062500 0.484375
vt 0.078125 0.500000
vt 0.078125 0.484375
vt 0.437500 0.562500
vt 0.437500 0.546875
vt 0.468750 0.562500
vt 0.468750 0.546875
vt 0.468750 1.000000
vt 0.468750 0.984375
vt 0.500000 1.000000
vt 0.500000 0.984375
vt 0.046875 0.500000
vt 0.046875 0.531250
vt 0.031250 0.500000
vt 0.031250 0.531250
vt 0.484375 0.968750
vt 0.484375 0.937500
vt 0.468750 0.968750
vt 0.468750 0.937500
vt 0.500000 0.968750
vt 0.500000 0.953125
vt 0.515625 0.968750
vt 0.515625 0.953125
vt 0.031250 0.484375
vt 0.046875 0.484375
vt 0.500000 0.875000
vt 0.500000 0.859375
vt 0.515625 0.875000
vt 0.515625 0.859375
vt 0.500000 0.843750
vt 0.500000 0.828125
vt 0.515625 0.843750
vt 0.515625 0.828125
vt 0.203125 0.484375
vt 0.203125 0.500000
vt 0.187500 0.484375
vt 0.187500 0.500000
vt 0.515625 0.812500
vt 0.515625 0.796875
vt 0.500000 0.812500
vt 0.500000 0.796875
vt 0.156250 0.484375
vt 0.171875 0.484375
vt 0.125000 0.484375
vt 0.140625 0.484375
s 0
usemtl Material_0.001
f 241/133/7 243/134/7 242/135/7
f 243/134/7 244/136/7 242/135/7
f 245/135/8 247/136/8 246/137/8
f 247/136/8 248/138/8 246/137/8
f 249/139/9 251/140/9 250/141/9
f 251/140/9 252/137/9 250/141/9
f 253/142/10 255/143/10 254/144/10
f 255/143/10 256/145/10 254/144/10
f 257/146/11 259/147/11 258/148/11
f 259/147/11 260/149/11 258/148/11
f 261/150/12 263/151/12 262/152/12
f 263/151/12 264/153/12 262/152/12
f 265/154/7 267/155/7 266/156/7
f 267/155/7 268/157/7 266/156/7
f 269/158/8 271/159/8 270/160/8
f 271/159/8 272/161/8 270/160/8
f 273/162/9 275/163/9 274/164/9
f 275/163/9 276/165/9 274/164/9
f 277/166/10 279/167/10 278/168/10
f 279/167/10 280/169/10 278/168/10
f 281/170/11 283/171/11 282/172/11
f 283/171/11 284/173/11 282/172/11
f 285/164/12 287/174/12 286/162/12
f 287/174/12 288/175/12 286/162/12
f 289/176/7 291/177/7 290/178/7
f 291/177/7 292/179/7 290/178/7
f 293/180/8 295/181/8 294/182/8
f 295/181/8 296/183/8 294/182/8
f 297/184/9 299/185/9 298/186/9
f 299/185/9 300/187/9 298/186/9
f 301/188/10 303/189/10 302/190/10
f 303/189/10 304/191/10 302/190/10
f 305/145/11 307/192/11 306/143/11
f 307/192/11 308/193/11 306/143/11
f 309/141/12 311/194/12 310/139/12
f 311/194/12 312/195/12 310/139/12
o bulletModel_1
v 1.326923 0.365385 -0.000000
v 1.903846 0.365385 -0.000000
v 1.326923 0.057692 -0.000000
v 1.903846 0.057692 -0.000000
v 1.903846 0.365385 -0.307692
v 1.326923 0.365385 -0.307692
v 1.903846 0.057692 -0.307692
v 1.326923 0.057692 -0.307692
v 1.903846 0.365385 -0.307692
v 1.903846 0.365385 -0.000000
v 1.326923 0.365385 -0.307692
v 1.326923 0.365385 -0.000000
v 1.326923 0.057692 -0.307692
v 1.326923 0.057692 -0.000000
v 1.903846 0.057692 -0.307692
v 1.903846 0.057692 -0.000000
v 1.326923 0.365385 -0.307692
v 1.326923 0.365385 -0.000000
v 1.326923 0.057692 -0.307692
v 1.326923 0.057692 -0.000000
v 1.903846 0.365385 -0.000000
v 1.903846 0.365385 -0.307692
v 1.903846 0.057692 -0.000000
v 1.903846 0.057692 -0.307692
v 0.942308 0.403846 0.038462
v 1.365384 0.403846 0.038461
v 0.942308 0.019231 0.038462
v 1.365384 0.019231 0.038461
v 1.365384 0.403846 -0.346154
v 0.942308 0.403846 -0.346154
v 1.365384 0.019231 -0.346154
v 0.942308 0.019231 -0.346154
v 1.365384 0.403846 -0.346154
v 1.365384 0.403846 0.038461
v 0.942308 0.403846 -0.346154
v 0.942308 0.403846 0.038462
v 0.942308 0.019231 -0.346154
v 0.942308 0.019231 0.038462
v 1.365384 0.019231 -0.346154
v 1.365384 0.019231 0.038461
v 0.942308 0.403846 -0.346154
v 0.942308 0.403846 0.038462
v 0.942308 0.019231 -0.346154
v 0.942308 0.019231 0.038462
v 1.365384 0.403846 0.038461
v 1.365384 0.403846 -0.346154
v 1.365384 0.019231 0.038461
v 1.365384 0.019231 -0.346154
v 0.019231 0.423077 0.057692
v 0.942308 0.423077 0.057692
v 0.019231 0.000000 0.057692
v 0.942308 0.000000 0.057692
v 0.942308 0.423077 -0.365385
v 0.019231 0.423077 -0.365385
v 0.942308 0.000000 -0.365385
v 0.019231 0.000000 -0.365385
v 0.942308 0.423077 -0.365385
v 0.942308 0.423077 0.057692
v 0.019231 0.423077 -0.365385
v 0.019231 0.423077 0.057692
v 0.019231 0.000000 -0.365385
v 0.019231 0.000000 0.057692
v 0.942308 0.000000 -0.365385
v 0.942308 0.000000 0.057692
v 0.019231 0.423077 -0.365385
v 0.019231 0.423077 0.057692
v 0.019231 0.000000 -0.365385
v 0.019231 0.000000 0.057692
v 0.942308 0.423077 0.057692
v 0.942308 0.423077 -0.365385
v 0.942308 0.000000 0.057692
v 0.942308 0.000000 -0.365385
vn -0.0000 -0.0000 1.0000
vn -0.0000 -0.0000 -1.0000
vn -0.0000 1.0000 -0.0000
vn -0.0000 -1.0000 -0.0000
vn -1.0000 -0.0000 -0.0000
vn 1.0000 -0.0000 -0.0000
vt 0.468750 0.687500
vt 0.468750 0.671875
vt 0.500000 0.687500
vt 0.500000 0.671875
vt 0.468750 0.656250
vt 0.468750 0.640625
vt 0.500000 0.656250
vt 0.500000 0.640625
vt 0.390625 0.500000
vt 0.390625 0.531250
vt 0.375000 0.500000
vt 0.375000 0.531250
vt 0.421875 0.531250
vt 0.421875 0.500000
vt 0.406250 0.531250
vt 0.406250 0.500000
vt 0.500000 0.625000
vt 0.500000 0.609375
vt 0.515625 0.625000
vt 0.515625 0.609375
vt 0.375000 0.484375
vt 0.390625 0.484375
vt 0.500000 0.593750
vt 0.500000 0.578125
vt 0.515625 0.593750
vt 0.515625 0.578125
vt 0.500000 0.562500
vt 0.500000 0.546875
vt 0.515625 0.562500
vt 0.515625 0.546875
vt 0.484375 0.484375
vt 0.484375 0.500000
vt 0.468750 0.484375
vt 0.468750 0.500000
vt 0.515625 0.531250
vt 0.515625 0.515625
vt 0.500000 0.531250
vt 0.500000 0.515625
vt 0.437500 0.500000
vt 0.437500 0.484375
vt 0.453125 0.500000
vt 0.453125 0.484375
vt 0.406250 0.484375
vt 0.421875 0.484375
vt 0.437500 0.531250
vt 0.437500 0.515625
vt 0.468750 0.531250
vt 0.468750 0.515625
vt 0.468750 0.562500
vt 0.468750 0.546875
vt 0.484375 0.531250
vt 0.515625 1.000000
vt 0.515625 0.968750
vt 0.500000 1.000000
vt 0.500000 0.968750
vt 0.000000 0.468750
vt 0.000000 0.453125
vt 0.015625 0.468750
vt 0.015625 0.453125
vt 0.500000 0.500000
vt 0.500000 0.484375
vt 0.515625 0.500000
vt 0.515625 0.484375
s 0
usemtl Material_0.001
f 313/196/13 315/197/13 314/198/13
f 315/197/13 316/199/13 314/198/13
f 317/200/14 319/201/14 318/202/14
f 319/201/14 320/203/14 318/202/14
f 321/204/15 323/205/15 322/206/15
f 323/205/15 324/207/15 322/206/15
f 325/208/16 327/209/16 326/210/16
f 327/209/16 328/211/16 326/210/16
f 329/212/17 331/213/17 330/214/17
f 331/213/17 332/215/17 330/214/17
f 333/206/18 335/216/18 334/204/18
f 335/216/18 336/217/18 334/204/18
f 337/218/13 339/219/13 338/220/13
f 339/219/13 340/221/13 338/220/13
f 341/222/14 343/223/14 342/224/14
f 343/223/14 344/225/14 342/224/14
f 345/226/15 347/227/15 346/228/15
f 347/227/15 348/229/15 346/228/15
f 349/230/16 351/231/16 350/232/16
f 351/231/16 352/233/16 350/232/16
f 353/234/17 355/235/17 354/236/17
f 355/235/17 356/237/17 354/236/17
f 357/211/18 359/238/18 358/209/18
f 359/238/18 360/239/18 358/209/18
f 361/240/13 363/241/13 362/242/13
f 363/241/13 364/243/13 362/242/13
f 365/244/14 367/245/14 366/222/14
f 367/245/14 368/223/14 366/222/14
f 369/227/15 371/246/15 370/229/15
f 371/246/15 372/242/15 370/229/15
f 373/247/16 375/248/16 374/249/16
f 375/248/16 376/250/16 374/249/16
f 377/251/17 379/252/17 378/253/17
f 379/252/17 380/254/17 378/253/17
f 381/255/18 383/256/18 382/257/18
f 383/256/18 384/258/18 382/257/18
o bulletModel_2
v 1.326923 0.173077 0.307692
v 1.903846 0.173077 0.307692
v 1.326923 -0.134615 0.307692
v 1.903846 -0.134615 0.307692
v 1.903846 0.173077 -0.000000
v 1.326923 0.173077 -0.000000
v 1.903846 -0.134615 -0.000000
v 1.326923 -0.134615 -0.000000
v 1.903846 0.173077 -0.000000
v 1.903846 0.173077 0.307692
v 1.326923 0.173077 -0.000000
v 1.326923 0.173077 0.307692
v 1.326923 -0.134615 -0.000000
v 1.326923 -0.134615 0.307692
v 1.903846 -0.134615 -0.000000
v 1.903846 -0.134615 0.307692
v 1.326923 0.173077 -0.000000
v 1.326923 0.173077 0.307692
v 1.326923 -0.134615 -0.000000
v 1.326923 -0.134615 0.307692
v 1.903846 0.173077 0.307692
v 1.903846 0.173077 -0.000000
v 1.903846 -0.134615 0.307692
v 1.903846 -0.134615 -0.000000
v 0.019231 0.230769 0.365385
v 0.942308 0.230769 0.365385
v 0.019231 -0.192308 0.365385
v 0.942308 -0.192308 0.365385
v 0.942308 0.230769 -0.057692
v 0.019231 0.230769 -0.057692
v 0.942308 -0.192308 -0.057692
v 0.019231 -0.192308 -0.057692
v 0.942308 0.230769 -0.057692
v 0.942308 0.230769 0.365385
v 0.019231 0.230769 -0.057692
v 0.019231 0.230769 0.365385
v 0.019231 -0.192308 -0.057692
v 0.019231 -0.192308 0.365385
v 0.942308 -0.192308 -0.057692
v 0.942308 -0.192308 0.365385
v 0.019231 0.230769 -0.057692
v 0.019231 0.230769 0.365385
v 0.019231 -0.192308 -0.057692
v 0.019231 -0.192308 0.365385
v 0.942308 0.230769 0.365385
v 0.942308 0.230769 -0.057692
v 0.942308 -0.192308 0.365385
v 0.942308 -0.192308 -0.057692
v 0.942308 0.211538 0.346154
v 1.365384 0.211538 0.346154
v 0.942308 -0.173077 0.346154
v 1.365384 -0.173077 0.346154
v 1.365384 0.211538 -0.038462
v 0.942308 0.211538 -0.038462
v 1.365384 -0.173077 -0.038462
v 0.942308 -0.173077 -0.038462
v 1.365384 0.211538 -0.038462
v 1.365384 0.211538 0.346154
v 0.942308 0.211538 -0.038462
v 0.942308 0.211538 0.346154
v 0.942308 -0.173077 -0.038462
v 0.942308 -0.173077 0.346154
v 1.365384 -0.173077 -0.038462
v 1.365384 -0.173077 0.346154
v 0.942308 0.211538 -0.038462
v 0.942308 0.211538 0.346154
v 0.942308 -0.173077 -0.038462
v 0.942308 -0.173077 0.346154
v 1.365384 0.211538 0.346154
v 1.365384 0.211538 -0.038462
v 1.365384 -0.173077 0.346154
v 1.365384 -0.173077 -0.038462
vn -0.0000 -0.0000 1.0000
vn -0.0000 -0.0000 -1.0000
vn -0.0000 1.0000 -0.0000
vn -0.0000 -1.0000 -0.0000
vn -1.0000 -0.0000 -0.0000
vn 1.0000 -0.0000 -0.0000
vt 0.468750 0.843750
vt 0.468750 0.828125
vt 0.500000 0.843750
vt 0.500000 0.828125
vt 0.187500 0.531250
vt 0.187500 0.515625
vt 0.218750 0.531250
vt 0.218750 0.515625
vt 0.484375 0.781250
vt 0.484375 0.812500
vt 0.468750 0.781250
vt 0.468750 0.812500
vt 0.234375 0.531250
vt 0.234375 0.500000
vt 0.218750 0.500000
vt 0.500000 0.781250
vt 0.500000 0.765625
vt 0.515625 0.781250
vt 0.515625 0.765625
vt 0.218750 0.484375
vt 0.234375 0.484375
vt 0.468750 0.765625
vt 0.250000 0.531250
vt 0.250000 0.515625
vt 0.281250 0.531250
vt 0.281250 0.515625
vt 0.484375 0.718750
vt 0.484375 0.750000
vt 0.468750 0.718750
vt 0.468750 0.750000
vt 0.484375 0.687500
vt 0.468750 0.687500
vt 0.500000 0.656250
vt 0.500000 0.640625
vt 0.515625 0.656250
vt 0.515625 0.640625
vt 0.343750 0.500000
vt 0.343750 0.484375
vt 0.359375 0.500000
vt 0.359375 0.484375
vt 0.500000 0.750000
vt 0.500000 0.734375
vt 0.515625 0.750000
vt 0.515625 0.734375
vt 0.500000 0.718750
vt 0.500000 0.703125
vt 0.515625 0.718750
vt 0.515625 0.703125
vt 0.328125 0.484375
vt 0.328125 0.500000
vt 0.312500 0.484375
vt 0.312500 0.500000
vt 0.515625 0.687500
vt 0.515625 0.671875
vt 0.500000 0.687500
vt 0.500000 0.671875
vt 0.281250 0.500000
vt 0.281250 0.484375
vt 0.296875 0.500000
vt 0.296875 0.484375
vt 0.250000 0.500000
vt 0.250000 0.484375
vt 0.265625 0.500000
vt 0.265625 0.484375
s 0
usemtl Material_0.001
f 385/259/19 387/260/19 386/261/19
f 387/260/19 388/262/19 386/261/19
f 389/263/20 391/264/20 390/265/20
f 391/264/20 392/266/20 390/265/20
f 393/267/21 395/268/21 394/269/21
f 395/268/21 396/270/21 394/269/21
f 397/271/22 399/272/22 398/265/22
f 399/272/22 400/273/22 398/265/22
f 401/274/23 403/275/23 402/276/23
f 403/275/23 404/277/23 402/276/23
f 405/273/24 407/278/24 406/272/24
f 407/278/24 408/279/24 406/272/24
f 409/269/19 411/280/19 410/274/19
f 411/280/19 412/275/19 410/274/19
f 413/281/20 415/282/20 414/283/20
f 415/282/20 416/284/20 414/283/20
f 417/285/21 419/286/21 418/287/21
f 419/286/21 420/288/21 418/287/21
f 421/285/22 423/289/22 422/287/22
f 423/289/22 424/290/22 422/287/22
f 425/291/23 427/292/23 426/293/23
f 427/292/23 428/294/23 426/293/23
f 429/295/24 431/296/24 430/297/24
f 431/296/24 432/298/24 430/297/24
f 433/299/19 435/300/19 434/301/19
f 435/300/19 436/302/19 434/301/19
f 437/303/20 439/304/20 438/305/20
f 439/304/20 440/306/20 438/305/20
f 441/307/21 443/308/21 442/309/21
f 443/308/21 444/310/21 442/309/21
f 445/311/22 447/312/22 446/313/22
f 447/312/22 448/314/22 446/313/22
f 449/315/23 451/316/23 450/317/23
f 451/316/23 452/318/23 450/317/23
f 453/319/24 455/320/24 454/321/24
f 455/320/24 456/322/24 454/321/24
o bulletModel_60
v 0.000001 -1.153846 3.076923
v 0.384616 -1.153846 3.076923
v 0.000001 -1.538462 3.076923
v 0.384616 -1.538462 3.076923
v 0.000001 -1.153846 3.076923
v 0.384616 -1.538462 3.076923
v 0.000001 -1.153846 2.692307
v 0.000001 -1.153846 3.076923
v 0.000001 -1.538462 2.692307
v 0.000001 -1.538462 3.076923
vn -0.0000 -0.0000 1.0000
vn -1.0000 -0.0000 -0.0000
vt 0.031250 0.468750
vt 0.031250 0.453125
vt 0.046875 0.468750
vt 0.046875 0.453125
vt 0.531250 0.968750
vt 0.531250 0.953125
vt 0.546875 0.968750
vt 0.546875 0.953125
s 0
usemtl Material_0.002
f 457/323/25 459/324/25 458/325/25
f 459/324/25 460/326/25 458/325/25
f 463/327/26 465/328/26 464/329/26
f 465/328/26 466/330/26 464/329/26
o bulletModel_62
v -0.000769 -1.153846 2.692307
v 0.000001 -1.153846 2.692307
v -0.000769 -1.538462 2.692307
v 0.000001 -1.538462 2.692307
v 0.000000 -1.153846 2.307692
v -0.000769 -1.153846 2.307692
v 0.000000 -1.538462 2.307692
v -0.000769 -1.538462 2.307692
v 0.000000 -1.153846 2.307692
v 0.000001 -1.153846 2.692307
v -0.000769 -1.153846 2.307692
v -0.000769 -1.153846 2.692307
v -0.000769 -1.538462 2.307692
v -0.000769 -1.538462 2.692307
v 0.000000 -1.538462 2.307692
v 0.000001 -1.538462 2.692307
v -0.000769 -1.153846 2.307692
v -0.000769 -1.153846 2.692307
v -0.000769 -1.538462 2.307692
v -0.000769 -1.538462 2.692307
v 0.000001 -1.153846 2.692307
v 0.000000 -1.153846 2.307692
v 0.000001 -1.538462 2.692307
v 0.000000 -1.538462 2.307692
vn -0.0000 -0.0000 1.0000
vn -0.0000 -0.0000 -1.0000
vn -0.0000 1.0000 -0.0000
vn -0.0000 -1.0000 -0.0000
vn -1.0000 -0.0000 -0.0000
vn 1.0000 -0.0000 -0.0000
vt 0.125000 0.468750
vt 0.125000 0.453125
vt 0.140625 0.468750
vt 0.140625 0.453125
vt 0.156250 0.468750
vt 0.156250 0.453125
vt 0.171875 0.468750
vt 0.171875 0.453125
vt 0.546875 0.828125
vt 0.546875 0.843750
vt 0.531250 0.828125
vt 0.531250 0.843750
vt 0.203125 0.468750
vt 0.203125 0.453125
vt 0.187500 0.468750
vt 0.187500 0.453125
vt 0.531250 0.875000
vt 0.531250 0.859375
vt 0.546875 0.875000
vt 0.546875 0.859375
vt 0.531250 0.906250
vt 0.531250 0.890625
vt 0.546875 0.906250
vt 0.546875 0.890625
s 0
usemtl Material_0.002
f 467/331/27 469/332/27 468/333/27
f 469/332/27 470/334/27 468/333/27
f 471/335/28 473/336/28 472/337/28
f 473/336/28 474/338/28 472/337/28
f 475/339/29 477/340/29 476/341/29
f 477/340/29 478/342/29 476/341/29
f 479/343/30 481/344/30 480/345/30
f 481/344/30 482/346/30 480/345/30
f 483/347/31 485/348/31 484/349/31
f 485/348/31 486/350/31 484/349/31
f 487/351/32 489/352/32 488/353/32
f 489/352/32 490/354/32 488/353/32
o bulletModel_66
v -0.000769 -0.769231 2.692307
v 0.000001 -0.769231 2.692307
v -0.000769 -1.153846 2.692307
v 0.000001 -1.153846 2.692307
v 0.000000 -0.769231 2.307692
v -0.000769 -0.769231 2.307692
v 0.000000 -1.153846 2.307692
v -0.000769 -1.153846 2.307692
v 0.000000 -0.769231 2.307692
v 0.000001 -0.769231 2.692307
v -0.000769 -0.769231 2.307692
v -0.000769 -0.769231 2.692307
v -0.000769 -1.153846 2.307692
v -0.000769 -1.153846 2.692307
v 0.000000 -1.153846 2.307692
v 0.000001 -1.153846 2.692307
v -0.000769 -0.769231 2.307692
v -0.000769 -0.769231 2.692307
v -0.000769 -1.153846 2.307692
v -0.000769 -1.153846 2.692307
v 0.000001 -0.769231 2.692307
v 0.000000 -0.769231 2.307692
v 0.000001 -1.153846 2.692307
v 0.000000 -1.153846 2.307692
vn -0.0000 -0.0000 1.0000
vn -0.0000 -0.0000 -1.0000
vn -0.0000 1.0000 -0.0000
vn -0.0000 -1.0000 -0.0000
vn -1.0000 -0.0000 -0.0000
vn 1.0000 -0.0000 -0.0000
vt 0.218750 0.468750
vt 0.218750 0.453125
vt 0.234375 0.468750
vt 0.234375 0.453125
vt 0.250000 0.468750
vt 0.250000 0.453125
vt 0.265625 0.468750
vt 0.265625 0.453125
vt 0.546875 0.734375
vt 0.546875 0.750000
vt 0.531250 0.734375
vt 0.531250 0.750000
vt 0.296875 0.468750
vt 0.296875 0.453125
vt 0.281250 0.468750
vt 0.281250 0.453125
vt 0.531250 0.781250
vt 0.531250 0.765625
vt 0.546875 0.781250
vt 0.546875 0.765625
vt 0.531250 0.812500
vt 0.531250 0.796875
vt 0.546875 0.812500
vt 0.546875 0.796875
s 0
usemtl Material_0.002
f 491/355/33 493/356/33 492/357/33
f 493/356/33 494/358/33 492/357/33
f 495/359/34 497/360/34 496/361/34
f 497/360/34 498/362/34 496/361/34
f 499/363/35 501/364/35 500/365/35
f 501/364/35 502/366/35 500/365/35
f 503/367/36 505/368/36 504/369/36
f 505/368/36 506/370/36 504/369/36
f 507/371/37 509/372/37 508/373/37
f 509/372/37 510/374/37 508/373/37
f 511/375/38 513/376/38 512/377/38
f 513/376/38 514/378/38 512/377/38
o bulletModel_58
v 0.000001 -1.538462 3.076923
v 0.384616 -1.538462 3.076923
v 0.000001 -1.923077 3.076923
v 0.384616 -1.923077 3.076923
v 0.000001 -1.538462 3.076923
v 0.384616 -1.923077 3.076923
v 0.000001 -1.538462 2.692307
v 0.000001 -1.538462 3.076923
v 0.000001 -1.923077 2.692307
v 0.000001 -1.923077 3.076923
vn -0.0000 -0.0000 1.0000
vn -1.0000 -0.0000 -0.0000
vt 0.312500 0.468750
vt 0.312500 0.453125
vt 0.328125 0.468750
vt 0.328125 0.453125
vt 0.531250 0.687500
vt 0.531250 0.671875
vt 0.546875 0.687500
vt 0.546875 0.671875
s 0
usemtl Material_0.002
f 515/379/39 517/380/39 516/381/39
f 517/380/39 518/382/39 516/381/39
f 521/383/40 523/384/40 522/385/40
f 523/384/40 524/386/40 522/385/40
o bulletModel_56
v 0.000001 -1.923077 3.076923
v 0.384616 -1.923077 3.076923
v 0.000001 -2.307692 3.076923
v 0.384616 -2.307692 3.076923
v 0.000001 -2.307692 2.692307
v 0.000001 -1.923077 3.076923
v 0.000001 -2.307692 2.692307
v 0.000001 -2.307692 3.076923
v 0.384616 -2.307692 2.692307
v 0.384616 -2.307692 3.076923
v 0.000001 -1.923077 2.692307
v 0.000001 -1.923077 3.076923
v 0.000001 -2.307692 2.692307
v 0.000001 -2.307692 3.076923
vn -0.0000 -0.0000 1.0000
vn -0.0000 -1.0000 -0.0000
vn -1.0000 -0.0000 -0.0000
vt 0.406250 0.468750
vt 0.406250 0.453125
vt 0.421875 0.468750
vt 0.421875 0.453125
vt 0.484375 0.468750
vt 0.484375 0.453125
vt 0.468750 0.468750
vt 0.468750 0.453125
vt 0.531250 0.593750
vt 0.531250 0.578125
vt 0.546875 0.593750
vt 0.546875 0.578125
s 0
usemtl Material_0.002
f 525/387/41 527/388/41 526/389/41
f 527/388/41 528/390/41 526/389/41
f 531/391/42 533/392/42 532/393/42
f 533/392/42 534/394/42 532/393/42
f 535/395/43 537/396/43 536/397/43
f 537/396/43 538/398/43 536/397/43
o bulletModel_52
v 0.000000 -2.307692 2.307692
v 0.000000 -2.307692 2.307692
v 0.000001 -2.307692 2.692307
v 0.384616 -2.307692 2.307692
v 0.384616 -2.307692 2.692307
v 0.000000 -1.923077 2.307692
v 0.000001 -1.923077 2.692307
v 0.000000 -2.307692 2.307692
v 0.000001 -2.307692 2.692307
v 0.384616 -1.923077 2.692307
vn -0.0000 -1.0000 -0.0000
vn -1.0000 -0.0000 -0.0000
vt 0.578125 1.000000
vt 0.578125 0.984375
vt 0.562500 1.000000
vt 0.562500 0.984375
vt 0.531250 0.500000
vt 0.531250 0.484375
vt 0.546875 0.500000
vt 0.546875 0.484375
s 0
usemtl Material_0.002
f 540/399/44 542/400/44 541/401/44
f 542/400/44 543/402/44 541/401/44
f 544/403/45 546/404/45 545/405/45
f 546/404/45 547/406/45 545/405/45
o bulletModel_54
v -0.000769 -1.538462 2.692307
v 0.000001 -1.538462 2.692307
v -0.000769 -1.923077 2.692307
v 0.000001 -1.923077 2.692307
v 0.000000 -1.538462 2.307692
v -0.000769 -1.538462 2.307692
v 0.000000 -1.923077 2.307692
v -0.000769 -1.923077 2.307692
v 0.000000 -1.538462 2.307692
v 0.000001 -1.538462 2.692307
v -0.000769 -1.538462 2.307692
v -0.000769 -1.538462 2.692307
v -0.000769 -1.923077 2.307692
v -0.000769 -1.923077 2.692307
v 0.000000 -1.923077 2.307692
v 0.000001 -1.923077 2.692307
v -0.000769 -1.538462 2.307692
v -0.000769 -1.538462 2.692307
v -0.000769 -1.923077 2.307692
v -0.000769 -1.923077 2.692307
v 0.000001 -1.538462 2.692307
v 0.000000 -1.538462 2.307692
v 0.000001 -1.923077 2.692307
v 0.000000 -1.923077 2.307692
vn -0.0000 -0.0000 1.0000
vn -0.0000 -0.0000 -1.0000
vn -0.0000 1.0000 -0.0000
vn -0.0000 -1.0000 -0.0000
vn -1.0000 -0.0000 -0.0000
vn 1.0000 -0.0000 -0.0000
vt 0.562500 0.968750
vt 0.562500 0.953125
vt 0.578125 0.968750
vt 0.578125 0.953125
vt 0.562500 0.937500
vt 0.562500 0.921875
vt 0.578125 0.937500
vt 0.578125 0.921875
vt 0.109375 0.421875
vt 0.109375 0.437500
vt 0.093750 0.421875
vt 0.093750 0.437500
vt 0.578125 0.906250
vt 0.578125 0.890625
vt 0.562500 0.906250
vt 0.562500 0.890625
vt 0.062500 0.437500
vt 0.062500 0.421875
vt 0.078125 0.437500
vt 0.078125 0.421875
vt 0.031250 0.437500
vt 0.031250 0.421875
vt 0.046875 0.437500
vt 0.046875 0.421875
s 0
usemtl Material_0.002
f 549/407/46 551/408/46 550/409/46
f 551/408/46 552/410/46 550/409/46
f 553/411/47 555/412/47 554/413/47
f 555/412/47 556/414/47 554/413/47
f 557/415/48 559/416/48 558/417/48
f 559/416/48 560/418/48 558/417/48
f 561/419/49 563/420/49 562/421/49
f 563/420/49 564/422/49 562/421/49
f 565/423/50 567/424/50 566/425/50
f 567/424/50 568/426/50 566/425/50
f 569/427/51 571/428/51 570/429/51
f 571/428/51 572/430/51 570/429/51
o bulletModel_50
v -0.000769 -1.538462 2.307692
v 0.000000 -1.538462 2.307692
v -0.000769 -1.923077 2.307692
v 0.000000 -1.923077 2.307692
v 0.000000 -1.538462 1.923077
v -0.000769 -1.538462 1.923077
v 0.000000 -1.923077 1.923077
v -0.000769 -1.923077 1.923077
v 0.000000 -1.538462 1.923077
v 0.000000 -1.538462 2.307692
v -0.000769 -1.538462 1.923077
v -0.000769 -1.538462 2.307692
v -0.000769 -1.923077 1.923077
v -0.000769 -1.923077 2.307692
v 0.000000 -1.923077 1.923077
v 0.000000 -1.923077 2.307692
v -0.000769 -1.538462 1.923077
v -0.000769 -1.538462 2.307692
v -0.000769 -1.923077 1.923077
v -0.000769 -1.923077 2.307692
v 0.000000 -1.538462 2.307692
v 0.000000 -1.538462 1.923077
v 0.000000 -1.923077 2.307692
v 0.000000 -1.923077 1.923077
vn -0.0000 -0.0000 1.0000
vn -0.0000 -0.0000 -1.0000
vn -0.0000 1.0000 -0.0000
vn -0.0000 -1.0000 -0.0000
vn -1.0000 -0.0000 -0.0000
vn 1.0000 -0.0000 -0.0000
vt 0.562500 0.875000
vt 0.562500 0.859375
vt 0.578125 0.875000
vt 0.578125 0.859375
vt 0.562500 0.843750
vt 0.562500 0.828125
vt 0.578125 0.843750
vt 0.578125 0.828125
vt 0.203125 0.421875
vt 0.203125 0.437500
vt 0.187500 0.421875
vt 0.187500 0.437500
vt 0.578125 0.812500
vt 0.578125 0.796875
vt 0.562500 0.812500
vt 0.562500 0.796875
vt 0.156250 0.437500
vt 0.156250 0.421875
vt 0.171875 0.437500
vt 0.171875 0.421875
vt 0.125000 0.437500
vt 0.125000 0.421875
vt 0.140625 0.437500
vt 0.140625 0.421875
s 0
usemtl Material_0.002
f 573/431/52 575/432/52 574/433/52
f 575/432/52 576/434/52 574/433/52
f 577/435/53 579/436/53 578/437/53
f 579/436/53 580/438/53 578/437/53
f 581/439/54 583/440/54 582/441/54
f 583/440/54 584/442/54 582/441/54
f 585/443/55 587/444/55 586/445/55
f 587/444/55 588/446/55 586/445/55
f 589/447/56 591/448/56 590/449/56
f 591/448/56 592/450/56 590/449/56
f 593/451/57 595/452/57 594/453/57
f 595/452/57 596/454/57 594/453/57
o bulletModel_48
v 0.000000 -2.307692 1.923077
v 0.000000 -2.307692 1.923077
v 0.000000 -2.307692 2.307692
v 0.384616 -2.307692 1.923077
v 0.384616 -2.307692 2.307692
v 0.000000 -1.923077 1.923077
v 0.000000 -1.923077 2.307692
v 0.000000 -2.307692 1.923077
v 0.000000 -2.307692 2.307692
vn -0.0000 -1.0000 -0.0000
vn -1.0000 -0.0000 -0.0000
vt 0.578125 0.718750
vt 0.578125 0.703125
vt 0.562500 0.718750
vt 0.562500 0.703125
vt 0.250000 0.437500
vt 0.250000 0.421875
vt 0.265625 0.437500
vt 0.265625 0.421875
s 0
usemtl Material_0.002
f 598/455/58 600/456/58 599/457/58
f 600/456/58 601/458/58 599/457/58
f 602/459/59 604/460/59 603/461/59
f 604/460/59 605/462/59 603/461/59
o bulletModel_44
v 0.000000 -2.307692 1.538461
v 0.000000 -2.307692 1.538461
v 0.000000 -2.307692 1.923077
v 0.384616 -2.307692 1.538461
v 0.384616 -2.307692 1.923077
v 0.000000 -1.923077 1.538461
v 0.000000 -1.923077 1.923077
v 0.000000 -2.307692 1.538461
v 0.000000 -2.307692 1.923077
vn -0.0000 -1.0000 -0.0000
vn -1.0000 -0.0000 -0.0000
vt 0.578125 0.625000
vt 0.578125 0.609375
vt 0.562500 0.625000
vt 0.562500 0.609375
vt 0.343750 0.437500
vt 0.343750 0.421875
vt 0.359375 0.437500
vt 0.359375 0.421875
s 0
usemtl Material_0.002
f 607/463/60 609/464/60 608/465/60
f 609/464/60 610/466/60 608/465/60
f 611/467/61 613/468/61 612/469/61
f 613/468/61 614/470/61 612/469/61
o bulletModel_46
v -0.000769 -1.538462 1.923077
v 0.000000 -1.538462 1.923077
v -0.000769 -1.923077 1.923077
v 0.000000 -1.923077 1.923077
v 0.000000 -1.538462 1.538461
v -0.000769 -1.538462 1.538461
v 0.000000 -1.923077 1.538461
v -0.000769 -1.923077 1.538461
v 0.000000 -1.538462 1.538461
v 0.000000 -1.538462 1.923077
v -0.000769 -1.538462 1.538461
v -0.000769 -1.538462 1.923077
v -0.000769 -1.923077 1.538461
v -0.000769 -1.923077 1.923077
v 0.000000 -1.923077 1.538461
v 0.000000 -1.923077 1.923077
v -0.000769 -1.538462 1.538461
v -0.000769 -1.538462 1.923077
v -0.000769 -1.923077 1.538461
v -0.000769 -1.923077 1.923077
v 0.000000 -1.538462 1.923077
v 0.000000 -1.538462 1.538461
v 0.000000 -1.923077 1.923077
v 0.000000 -1.923077 1.538461
vn -0.0000 -0.0000 1.0000
vn -0.0000 -0.0000 -1.0000
vn -0.0000 1.0000 -0.0000
vn -0.0000 -1.0000 -0.0000
vn -1.0000 -0.0000 -0.0000
vn 1.0000 -0.0000 -0.0000
vt 0.562500 0.593750
vt 0.562500 0.578125
vt 0.578125 0.593750
vt 0.578125 0.578125
vt 0.562500 0.562500
vt 0.562500 0.546875
vt 0.578125 0.562500
vt 0.578125 0.546875
vt 0.484375 0.421875
vt 0.484375 0.437500
vt 0.468750 0.421875
vt 0.468750 0.437500
vt 0.578125 0.531250
vt 0.578125 0.515625
vt 0.562500 0.531250
vt 0.562500 0.515625
vt 0.437500 0.437500
vt 0.437500 0.421875
vt 0.453125 0.437500
vt 0.453125 0.421875
vt 0.406250 0.437500
vt 0.406250 0.421875
vt 0.421875 0.437500
vt 0.421875 0.421875
s 0
usemtl Material_0.002
f 615/471/62 617/472/62 616/473/62
f 617/472/62 618/474/62 616/473/62
f 619/475/63 621/476/63 620/477/63
f 621/476/63 622/478/63 620/477/63
f 623/479/64 625/480/64 624/481/64
f 625/480/64 626/482/64 624/481/64
f 627/483/65 629/484/65 628/485/65
f 629/484/65 630/486/65 628/485/65
f 631/487/66 633/488/66 632/489/66
f 633/488/66 634/490/66 632/489/66
f 635/491/67 637/492/67 636/493/67
f 637/492/67 638/494/67 636/493/67
o bulletModel_42
v -0.000769 -1.538462 1.538461
v 0.000000 -1.538462 1.538461
v -0.000769 -1.923077 1.538461
v 0.000000 -1.923077 1.538461
v 0.000000 -1.538462 1.153846
v -0.000769 -1.538462 1.153846
v 0.000000 -1.923077 1.153846
v -0.000769 -1.923077 1.153846
v 0.000000 -1.538462 1.153846
v 0.000000 -1.538462 1.538461
v -0.000769 -1.538462 1.153846
v -0.000769 -1.538462 1.538461
v -0.000769 -1.923077 1.153846
v -0.000769 -1.923077 1.538461
v 0.000000 -1.923077 1.153846
v 0.000000 -1.923077 1.538461
v -0.000769 -1.538462 1.153846
v -0.000769 -1.538462 1.538461
v -0.000769 -1.923077 1.153846
v -0.000769 -1.923077 1.538461
v 0.000000 -1.538462 1.538461
v 0.000000 -1.538462 1.153846
v 0.000000 -1.923077 1.538461
v 0.000000 -1.923077 1.153846
vn -0.0000 -0.0000 1.0000
vn -0.0000 -0.0000 -1.0000
vn -0.0000 1.0000 -0.0000
vn -0.0000 -1.0000 -0.0000
vn -1.0000 -0.0000 -0.0000
vn 1.0000 -0.0000 -0.0000
vt 0.562500 0.500000
vt 0.562500 0.484375
vt 0.578125 0.500000
vt 0.578125 0.484375
vt 0.562500 0.468750
vt 0.562500 0.453125
vt 0.578125 0.468750
vt 0.578125 0.453125
vt 0.578125 0.421875
vt 0.578125 0.437500
vt 0.562500 0.421875
vt 0.562500 0.437500
vt 0.015625 0.406250
vt 0.015625 0.390625
vt 0.000000 0.406250
vt 0.000000 0.390625
vt 0.531250 0.437500
vt 0.531250 0.421875
vt 0.546875 0.437500
vt 0.546875 0.421875
vt 0.500000 0.437500
vt 0.500000 0.421875
vt 0.515625 0.437500
vt 0.515625 0.421875
s 0
usemtl Material_0.002
f 639/495/68 641/496/68 640/497/68
f 641/496/68 642/498/68 640/497/68
f 643/499/69 645/500/69 644/501/69
f 645/500/69 646/502/69 644/501/69
f 647/503/70 649/504/70 648/505/70
f 649/504/70 650/506/70 648/505/70
f 651/507/71 653/508/71 652/509/71
f 653/508/71 654/510/71 652/509/71
f 655/511/72 657/512/72 656/513/72
f 657/512/72 658/514/72 656/513/72
f 659/515/73 661/516/73 660/517/73
f 661/516/73 662/518/73 660/517/73
o bulletModel_40
v 0.000000 -2.307692 1.153846
v 0.384616 -1.923077 1.153846
v 0.000000 -2.307692 1.153846
v 0.000000 -2.307692 1.538461
v 0.384616 -2.307692 1.153846
v 0.384616 -2.307692 1.538461
v 0.000000 -1.923077 1.153846
v 0.000000 -1.923077 1.538461
v 0.000000 -2.307692 1.153846
v 0.000000 -2.307692 1.538461
vn -0.0000 -1.0000 -0.0000
vn -1.0000 -0.0000 -0.0000
vt 0.109375 0.406250
vt 0.109375 0.390625
vt 0.093750 0.406250
vt 0.093750 0.390625
vt 0.593750 0.968750
vt 0.593750 0.953125
vt 0.609375 0.968750
vt 0.609375 0.953125
s 0
usemtl Material_0.002
f 665/519/74 667/520/74 666/521/74
f 667/520/74 668/522/74 666/521/74
f 669/523/75 671/524/75 670/525/75
f 671/524/75 672/526/75 670/525/75
o bulletModel_34
v 0.000000 -1.538462 0.769231
v 0.384615 -1.538462 0.384615
v 0.000000 -1.538462 0.384615
v 0.384615 -1.923077 0.384615
v 0.000000 -1.923077 0.384615
v 0.384615 -1.538462 0.384615
v 0.384616 -1.538462 0.769231
v 0.000000 -1.538462 0.384615
v 0.000000 -1.538462 0.769231
v 0.384616 -1.923077 0.769231
v 0.000000 -1.538462 0.384615
v 0.000000 -1.538462 0.769231
v 0.000000 -1.923077 0.384615
v 0.000000 -1.923077 0.769231
vn -0.0000 -0.0000 -1.0000
vn -0.0000 1.0000 -0.0000
vn -1.0000 -0.0000 -0.0000
vt 0.156250 0.406250
vt 0.156250 0.390625
vt 0.171875 0.406250
vt 0.171875 0.390625
vt 0.609375 0.828125
vt 0.609375 0.843750
vt 0.593750 0.828125
vt 0.593750 0.843750
vt 0.593750 0.875000
vt 0.593750 0.859375
vt 0.609375 0.875000
vt 0.609375 0.859375
s 0
usemtl Material_0.002
f 674/527/76 676/528/76 675/529/76
f 676/528/76 677/530/76 675/529/76
f 678/531/77 680/532/77 679/533/77
f 680/532/77 681/534/77 679/533/77
f 683/535/78 685/536/78 684/537/78
f 685/536/78 686/538/78 684/537/78
o bulletModel_32
v 0.384616 -2.307692 0.769231
v 0.384615 -1.923077 0.384615
v 0.000000 -1.923077 0.384615
v 0.384615 -2.307692 0.384615
v 0.000000 -2.307692 0.384615
v 0.000000 -1.923077 0.769231
v 0.000000 -2.307692 0.384615
v 0.000000 -2.307692 0.769231
v 0.384615 -2.307692 0.384615
v 0.384616 -2.307692 0.769231
v 0.000000 -1.923077 0.384615
v 0.000000 -1.923077 0.769231
v 0.000000 -2.307692 0.384615
v 0.000000 -2.307692 0.769231
vn -0.0000 -0.0000 -1.0000
vn -0.0000 -1.0000 -0.0000
vn -1.0000 -0.0000 -0.0000
vt 0.250000 0.406250
vt 0.250000 0.390625
vt 0.265625 0.406250
vt 0.265625 0.390625
vt 0.296875 0.406250
vt 0.296875 0.390625
vt 0.281250 0.406250
vt 0.281250 0.390625
vt 0.593750 0.781250
vt 0.593750 0.765625
vt 0.609375 0.781250
vt 0.609375 0.765625
s 0
usemtl Material_0.002
f 688/539/79 690/540/79 689/541/79
f 690/540/79 691/542/79 689/541/79
f 693/543/80 695/544/80 694/545/80
f 695/544/80 696/546/80 694/545/80
f 697/547/81 699/548/81 698/549/81
f 699/548/81 700/550/81 698/549/81
o bulletModel_36
v 0.384616 -2.307692 1.153846
v 0.000000 -2.307692 0.769231
v 0.000000 -1.923077 1.153846
v 0.000000 -2.307692 0.769231
v 0.000000 -2.307692 1.153846
v 0.384616 -2.307692 0.769231
v 0.384616 -2.307692 1.153846
v 0.000000 -1.923077 0.769231
v 0.000000 -1.923077 1.153846
v 0.000000 -2.307692 0.769231
v 0.000000 -2.307692 1.153846
vn -0.0000 -1.0000 -0.0000
vn -1.0000 -0.0000 -0.0000
vt 0.390625 0.406250
vt 0.390625 0.390625
vt 0.375000 0.406250
vt 0.375000 0.390625
vt 0.593750 0.687500
vt 0.593750 0.671875
vt 0.609375 0.687500
vt 0.609375 0.671875
s 0
usemtl Material_0.002
f 704/551/82 706/552/82 705/553/82
f 706/552/82 707/554/82 705/553/82
f 708/555/83 710/556/83 709/557/83
f 710/556/83 711/558/83 709/557/83
o bulletModel_38
v -0.000769 -1.538462 1.153846
v 0.000000 -1.538462 1.153846
v -0.000769 -1.923077 1.153846
v 0.000000 -1.923077 1.153846
v 0.000000 -1.538462 0.769231
v -0.000769 -1.538462 0.769231
v 0.000000 -1.923077 0.769231
v -0.000769 -1.923077 0.769231
v 0.000000 -1.538462 0.769231
v 0.000000 -1.538462 1.153846
v -0.000769 -1.538462 0.769231
v -0.000769 -1.538462 1.153846
v -0.000769 -1.923077 0.769231
v -0.000769 -1.923077 1.153846
v 0.000000 -1.923077 0.769231
v 0.000000 -1.923077 1.153846
v -0.000769 -1.538462 0.769231
v -0.000769 -1.538462 1.153846
v -0.000769 -1.923077 0.769231
v -0.000769 -1.923077 1.153846
v 0.000000 -1.538462 1.153846
v 0.000000 -1.538462 0.769231
v 0.000000 -1.923077 1.153846
v 0.000000 -1.923077 0.769231
vn -0.0000 -0.0000 1.0000
vn -0.0000 -0.0000 -1.0000
vn -0.0000 1.0000 -0.0000
vn -0.0000 -1.0000 -0.0000
vn -1.0000 -0.0000 -0.0000
vn 1.0000 -0.0000 -0.0000
vt 0.406250 0.406250
vt 0.406250 0.390625
vt 0.421875 0.406250
vt 0.421875 0.390625
vt 0.437500 0.406250
vt 0.437500 0.390625
vt 0.453125 0.406250
vt 0.453125 0.390625
vt 0.609375 0.546875
vt 0.609375 0.562500
vt 0.593750 0.546875
vt 0.593750 0.562500
vt 0.484375 0.406250
vt 0.484375 0.390625
vt 0.468750 0.406250
vt 0.468750 0.390625
vt 0.593750 0.593750
vt 0.593750 0.578125
vt 0.609375 0.593750
vt 0.609375 0.578125
vt 0.593750 0.625000
vt 0.593750 0.609375
vt 0.609375 0.625000
vt 0.609375 0.609375
s 0
usemtl Material_0.002
f 712/559/84 714/560/84 713/561/84
f 714/560/84 715/562/84 713/561/84
f 716/563/85 718/564/85 717/565/85
f 718/564/85 719/566/85 717/565/85
f 720/567/86 722/568/86 721/569/86
f 722/568/86 723/570/86 721/569/86
f 724/571/87 726/572/87 725/573/87
f 726/572/87 727/574/87 725/573/87
f 728/575/88 730/576/88 729/577/88
f 730/576/88 731/578/88 729/577/88
f 732/579/89 734/580/89 733/581/89
f 734/580/89 735/582/89 733/581/89
o bulletModel_92
v -0.000769 -0.769231 1.538461
v 0.000000 -0.769231 1.538461
v -0.000769 -1.153846 1.538461
v 0.000000 -1.153846 1.538461
v 0.000000 -0.769231 1.153846
v -0.000769 -0.769231 1.153846
v 0.000000 -1.153846 1.153846
v -0.000769 -1.153846 1.153846
v 0.000000 -0.769231 1.153846
v 0.000000 -0.769231 1.538461
v -0.000769 -0.769231 1.153846
v -0.000769 -0.769231 1.538461
v -0.000769 -1.153846 1.153846
v -0.000769 -1.153846 1.538461
v 0.000000 -1.153846 1.153846
v 0.000000 -1.153846 1.538461
v -0.000769 -0.769231 1.153846
v -0.000769 -0.769231 1.538461
v -0.000769 -1.153846 1.153846
v -0.000769 -1.153846 1.538461
v 0.000000 -0.769231 1.538461
v 0.000000 -0.769231 1.153846
v 0.000000 -1.153846 1.538461
v 0.000000 -1.153846 1.153846
vn -0.0000 -0.0000 1.0000
vn -0.0000 -0.0000 -1.0000
vn -0.0000 1.0000 -0.0000
vn -0.0000 -1.0000 -0.0000
vn -1.0000 -0.0000 -0.0000
vn 1.0000 -0.0000 -0.0000
vt 0.500000 0.406250
vt 0.500000 0.390625
vt 0.515625 0.406250
vt 0.515625 0.390625
vt 0.531250 0.406250
vt 0.531250 0.390625
vt 0.546875 0.406250
vt 0.546875 0.390625
vt 0.609375 0.453125
vt 0.609375 0.468750
vt 0.593750 0.453125
vt 0.593750 0.468750
vt 0.578125 0.406250
vt 0.578125 0.390625
vt 0.562500 0.406250
vt 0.562500 0.390625
vt 0.593750 0.500000
vt 0.593750 0.484375
vt 0.609375 0.500000
vt 0.609375 0.484375
vt 0.593750 0.531250
vt 0.593750 0.515625
vt 0.609375 0.531250
vt 0.609375 0.515625
s 0
usemtl Material_0.002
f 736/583/90 738/584/90 737/585/90
f 738/584/90 739/586/90 737/585/90
f 740/587/91 742/588/91 741/589/91
f 742/588/91 743/590/91 741/589/91
f 744/591/92 746/592/92 745/593/92
f 746/592/92 747/594/92 745/593/92
f 748/595/93 750/596/93 749/597/93
f 750/596/93 751/598/93 749/597/93
f 752/599/94 754/600/94 753/601/94
f 754/600/94 755/602/94 753/601/94
f 756/603/95 758/604/95 757/605/95
f 758/604/95 759/606/95 757/605/95
o bulletModel_84
v 0.384616 -0.384615 1.538461
v 0.000000 -0.384615 1.153846
v 0.384616 0.000000 1.153846
v 0.384616 0.000000 1.538461
v 0.000000 0.000000 1.153846
v 0.000000 0.000000 1.538461
v 0.000000 0.000000 1.153846
v 0.000000 0.000000 1.538461
v 0.000000 -0.384615 1.153846
v 0.000000 -0.384615 1.538461
vn -0.0000 1.0000 -0.0000
vn -1.0000 -0.0000 -0.0000
vt 0.046875 0.359375
vt 0.046875 0.375000
vt 0.031250 0.359375
vt 0.031250 0.375000
vt 0.000000 0.375000
vt 0.000000 0.359375
vt 0.015625 0.375000
vt 0.015625 0.359375
s 0
usemtl Material_0.002
f 762/607/96 764/608/96 763/609/96
f 764/608/96 765/610/96 763/609/96
f 766/611/97 768/612/97 767/613/97
f 768/612/97 769/614/97 767/613/97
o bulletModel_86
v -0.000769 -0.384615 1.538461
v 0.000000 -0.384615 1.538461
v -0.000769 -0.769231 1.538461
v 0.000000 -0.769231 1.538461
v 0.000000 -0.384615 1.153846
v -0.000769 -0.384615 1.153846
v 0.000000 -0.769231 1.153846
v -0.000769 -0.769231 1.153846
v 0.000000 -0.384615 1.153846
v 0.000000 -0.384615 1.538461
v -0.000769 -0.384615 1.153846
v -0.000769 -0.384615 1.538461
v -0.000769 -0.769231 1.153846
v -0.000769 -0.769231 1.538461
v 0.000000 -0.769231 1.153846
v 0.000000 -0.769231 1.538461
v -0.000769 -0.384615 1.153846
v -0.000769 -0.384615 1.538461
v -0.000769 -0.769231 1.153846
v -0.000769 -0.769231 1.538461
v 0.000000 -0.384615 1.538461
v 0.000000 -0.384615 1.153846
v 0.000000 -0.769231 1.538461
v 0.000000 -0.769231 1.153846
vn -0.0000 -0.0000 1.0000
vn -0.0000 -0.0000 -1.0000
vn -0.0000 1.0000 -0.0000
vn -0.0000 -1.0000 -0.0000
vn -1.0000 -0.0000 -0.0000
vn 1.0000 -0.0000 -0.0000
vt 0.625000 0.937500
vt 0.625000 0.921875
vt 0.640625 0.937500
vt 0.640625 0.921875
vt 0.625000 0.906250
vt 0.625000 0.890625
vt 0.640625 0.906250
vt 0.640625 0.890625
vt 0.140625 0.359375
vt 0.140625 0.375000
vt 0.125000 0.359375
vt 0.125000 0.375000
vt 0.640625 0.875000
vt 0.640625 0.859375
vt 0.625000 0.875000
vt 0.625000 0.859375
vt 0.093750 0.375000
vt 0.093750 0.359375
vt 0.109375 0.375000
vt 0.109375 0.359375
vt 0.062500 0.375000
vt 0.062500 0.359375
vt 0.078125 0.375000
vt 0.078125 0.359375
s 0
usemtl Material_0.002
f 770/615/98 772/616/98 771/617/98
f 772/616/98 773/618/98 771/617/98
f 774/619/99 776/620/99 775/621/99
f 776/620/99 777/622/99 775/621/99
f 778/623/100 780/624/100 779/625/100
f 780/624/100 781/626/100 779/625/100
f 782/627/101 784/628/101 783/629/101
f 784/628/101 785/630/101 783/629/101
f 786/631/102 788/632/102 787/633/102
f 788/632/102 789/634/102 787/633/102
f 790/635/103 792/636/103 791/637/103
f 792/636/103 793/638/103 791/637/103
o bulletModel_98
v 0.384616 -1.153846 0.769231
v 0.000000 -1.153846 0.769231
v 0.384616 -1.538462 0.769231
v 0.000000 -1.538462 0.769231
v 0.384616 -1.153846 0.769231
v 0.000000 -1.538462 0.769231
v 0.000000 -1.153846 0.769231
v 0.000000 -1.153846 1.153846
v 0.000000 -1.538462 0.769231
v 0.000000 -1.538462 1.153846
vn -0.0000 -0.0000 -1.0000
vn -1.0000 -0.0000 -0.0000
vt 0.625000 0.812500
vt 0.625000 0.796875
vt 0.640625 0.812500
vt 0.640625 0.796875
vt 0.187500 0.375000
vt 0.187500 0.359375
vt 0.203125 0.375000
vt 0.203125 0.359375
s 0
usemtl Material_0.002
f 794/639/104 796/640/104 795/641/104
f 796/640/104 797/642/104 795/641/104
f 800/643/105 802/644/105 801/645/105
f 802/644/105 803/646/105 801/645/105
o bulletModel_94
v 0.384616 -0.769231 0.769231
v 0.000000 -0.769231 0.769231
v 0.384616 -1.153846 0.769231
v 0.000000 -1.153846 0.769231
v 0.000000 -0.769231 1.153846
v 0.000000 -1.153846 0.769231
v 0.000000 -0.769231 0.769231
v 0.000000 -0.769231 1.153846
v 0.000000 -1.153846 0.769231
v 0.000000 -1.153846 1.153846
vn -0.0000 -0.0000 -1.0000
vn -1.0000 -0.0000 -0.0000
vt 0.625000 0.718750
vt 0.625000 0.703125
vt 0.640625 0.718750
vt 0.640625 0.703125
vt 0.281250 0.375000
vt 0.281250 0.359375
vt 0.296875 0.375000
vt 0.296875 0.359375
s 0
usemtl Material_0.002
f 804/647/106 806/648/106 805/649/106
f 806/648/106 807/650/106 805/649/106
f 810/651/107 812/652/107 811/653/107
f 812/652/107 813/654/107 811/653/107
o bulletModel_96
v -0.000769 -1.153846 1.538461
v 0.000000 -1.153846 1.538461
v -0.000769 -1.538462 1.538461
v 0.000000 -1.538462 1.538461
v 0.000000 -1.153846 1.153846
v -0.000769 -1.153846 1.153846
v 0.000000 -1.538462 1.153846
v -0.000769 -1.538462 1.153846
v 0.000000 -1.153846 1.153846
v 0.000000 -1.153846 1.538461
v -0.000769 -1.153846 1.153846
v -0.000769 -1.153846 1.538461
v -0.000769 -1.538462 1.153846
v -0.000769 -1.538462 1.538461
v 0.000000 -1.538462 1.153846
v 0.000000 -1.538462 1.538461
v -0.000769 -1.153846 1.153846
v -0.000769 -1.153846 1.538461
v -0.000769 -1.538462 1.153846
v -0.000769 -1.538462 1.538461
v 0.000000 -1.153846 1.538461
v 0.000000 -1.153846 1.153846
v 0.000000 -1.538462 1.538461
v 0.000000 -1.538462 1.153846
vn -0.0000 -0.0000 1.0000
vn -0.0000 -0.0000 -1.0000
vn -0.0000 1.0000 -0.0000
vn -0.0000 -1.0000 -0.0000
vn -1.0000 -0.0000 -0.0000
vn 1.0000 -0.0000 -0.0000
vt 0.625000 0.656250
vt 0.625000 0.640625
vt 0.640625 0.656250
vt 0.640625 0.640625
vt 0.625000 0.625000
vt 0.625000 0.609375
vt 0.640625 0.625000
vt 0.640625 0.609375
vt 0.421875 0.359375
vt 0.421875 0.375000
vt 0.406250 0.359375
vt 0.406250 0.375000
vt 0.640625 0.593750
vt 0.640625 0.578125
vt 0.625000 0.593750
vt 0.625000 0.578125
vt 0.375000 0.375000
vt 0.375000 0.359375
vt 0.390625 0.375000
vt 0.390625 0.359375
vt 0.343750 0.375000
vt 0.343750 0.359375
vt 0.359375 0.375000
vt 0.359375 0.359375
s 0
usemtl Material_0.002
f 814/655/108 816/656/108 815/657/108
f 816/656/108 817/658/108 815/657/108
f 818/659/109 820/660/109 819/661/109
f 820/660/109 821/662/109 819/661/109
f 822/663/110 824/664/110 823/665/110
f 824/664/110 825/666/110 823/665/110
f 826/667/111 828/668/111 827/669/111
f 828/668/111 829/670/111 827/669/111
f 830/671/112 832/672/112 831/673/112
f 832/672/112 833/674/112 831/673/112
f 834/675/113 836/676/113 835/677/113
f 836/676/113 837/678/113 835/677/113
o bulletModel_90
v 0.000000 -0.384615 1.153846
v 0.384616 -0.384615 0.769231
v 0.000000 -0.384615 0.769231
v 0.384616 -0.769231 0.769231
v 0.000000 -0.769231 0.769231
v 0.384616 -0.384615 0.769231
v 0.384616 -0.769231 1.153846
v 0.000000 -0.384615 0.769231
v 0.000000 -0.384615 1.153846
v 0.000000 -0.769231 0.769231
v 0.000000 -0.769231 1.153846
vn -0.0000 -0.0000 -1.0000
vn -1.0000 -0.0000 -0.0000
vt 0.625000 0.531250
vt 0.625000 0.515625
vt 0.640625 0.531250
vt 0.640625 0.515625
vt 0.468750 0.375000
vt 0.468750 0.359375
vt 0.484375 0.375000
vt 0.484375 0.359375
s 0
usemtl Material_0.002
f 839/679/114 841/680/114 840/681/114
f 841/680/114 842/682/114 840/681/114
f 845/683/115 847/684/115 846/685/115
f 847/684/115 848/686/115 846/685/115
o bulletModel_88
v 0.000000 0.000000 1.153846
v 0.384616 0.000000 0.769231
v 0.000000 0.000000 0.769231
v 0.384616 -0.384615 0.769231
v 0.000000 -0.384615 0.769231
v 0.384616 0.000000 0.769231
v 0.384616 0.000000 1.153846
v 0.000000 0.000000 0.769231
v 0.000000 0.000000 1.153846
v 0.000000 -0.384615 0.769231
v 0.000000 0.000000 0.769231
v 0.000000 0.000000 1.153846
v 0.000000 -0.384615 0.769231
v 0.000000 -0.384615 1.153846
vn -0.0000 -0.0000 -1.0000
vn -0.0000 1.0000 -0.0000
vn -1.0000 -0.0000 -0.0000
vt 0.625000 0.437500
vt 0.625000 0.421875
vt 0.640625 0.437500
vt 0.640625 0.421875
vt 0.609375 0.359375
vt 0.609375 0.375000
vt 0.593750 0.359375
vt 0.593750 0.375000
vt 0.562500 0.375000
vt 0.562500 0.359375
vt 0.578125 0.375000
vt 0.578125 0.359375
s 0
usemtl Material_0.002
f 850/687/116 852/688/116 851/689/116
f 852/688/116 853/690/116 851/689/116
f 854/691/117 856/692/117 855/693/117
f 856/692/117 857/694/117 855/693/117
f 859/695/118 861/696/118 860/697/118
f 861/696/118 862/698/118 860/697/118
o bulletModel_76
v 0.384616 -0.384615 2.307692
v 0.384616 0.000000 1.923077
v 0.384616 0.000000 1.923077
v 0.384616 0.000000 2.307692
v 0.000000 0.000000 1.923077
v 0.000000 0.000000 2.307692
v 0.000000 -0.384615 1.923077
v 0.000000 0.000000 1.923077
v 0.000000 0.000000 2.307692
v 0.000000 -0.384615 1.923077
v 0.000000 -0.384615 2.307692
vn -0.0000 1.0000 -0.0000
vn -1.0000 -0.0000 -0.0000
vt 0.671875 0.953125
vt 0.671875 0.968750
vt 0.656250 0.953125
vt 0.656250 0.968750
vt 0.656250 1.000000
vt 0.656250 0.984375
vt 0.671875 1.000000
vt 0.671875 0.984375
s 0
usemtl Material_0.002
f 865/699/119 867/700/119 866/701/119
f 867/700/119 868/702/119 866/701/119
f 870/703/120 872/704/120 871/705/120
f 872/704/120 873/706/120 871/705/120
o bulletModel_78
v -0.000769 -0.384615 2.307692
v 0.000000 -0.384615 2.307692
v -0.000769 -0.769231 2.307692
v 0.000000 -0.769231 2.307692
v 0.000000 -0.384615 1.923077
v -0.000769 -0.384615 1.923077
v 0.000000 -0.769231 1.923077
v -0.000769 -0.769231 1.923077
v 0.000000 -0.384615 1.923077
v 0.000000 -0.384615 2.307692
v -0.000769 -0.384615 1.923077
v -0.000769 -0.384615 2.307692
v -0.000769 -0.769231 1.923077
v -0.000769 -0.769231 2.307692
v 0.000000 -0.769231 1.923077
v 0.000000 -0.769231 2.307692
v -0.000769 -0.384615 1.923077
v -0.000769 -0.384615 2.307692
v -0.000769 -0.769231 1.923077
v -0.000769 -0.769231 2.307692
v 0.000000 -0.384615 2.307692
v 0.000000 -0.384615 1.923077
v 0.000000 -0.769231 2.307692
v 0.000000 -0.769231 1.923077
vn -0.0000 -0.0000 1.0000
vn -0.0000 -0.0000 -1.0000
vn -0.0000 1.0000 -0.0000
vn -0.0000 -1.0000 -0.0000
vn -1.0000 -0.0000 -0.0000
vn 1.0000 -0.0000 -0.0000
vt 0.093750 0.343750
vt 0.093750 0.328125
vt 0.109375 0.343750
vt 0.109375 0.328125
vt 0.125000 0.343750
vt 0.125000 0.328125
vt 0.140625 0.343750
vt 0.140625 0.328125
vt 0.671875 0.859375
vt 0.671875 0.875000
vt 0.656250 0.859375
vt 0.656250 0.875000
vt 0.171875 0.343750
vt 0.171875 0.328125
vt 0.156250 0.343750
vt 0.156250 0.328125
vt 0.656250 0.906250
vt 0.656250 0.890625
vt 0.671875 0.906250
vt 0.671875 0.890625
vt 0.656250 0.937500
vt 0.656250 0.921875
vt 0.671875 0.937500
vt 0.671875 0.921875
s 0
usemtl Material_0.002
f 874/707/121 876/708/121 875/709/121
f 876/708/121 877/710/121 875/709/121
f 878/711/122 880/712/122 879/713/122
f 880/712/122 881/714/122 879/713/122
f 882/715/123 884/716/123 883/717/123
f 884/716/123 885/718/123 883/717/123
f 886/719/124 888/720/124 887/721/124
f 888/720/124 889/722/124 887/721/124
f 890/723/125 892/724/125 891/725/125
f 892/724/125 893/726/125 891/725/125
f 894/727/126 896/728/126 895/729/126
f 896/728/126 897/730/126 895/729/126
o bulletModel_82
v -0.000769 -0.384615 1.923077
v 0.000000 -0.384615 1.923077
v -0.000769 -0.769231 1.923077
v 0.000000 -0.769231 1.923077
v 0.000000 -0.384615 1.538461
v -0.000769 -0.384615 1.538461
v 0.000000 -0.769231 1.538461
v -0.000769 -0.769231 1.538461
v 0.000000 -0.384615 1.538461
v 0.000000 -0.384615 1.923077
v -0.000769 -0.384615 1.538461
v -0.000769 -0.384615 1.923077
v -0.000769 -0.769231 1.538461
v -0.000769 -0.769231 1.923077
v 0.000000 -0.769231 1.538461
v 0.000000 -0.769231 1.923077
v -0.000769 -0.384615 1.538461
v -0.000769 -0.384615 1.923077
v -0.000769 -0.769231 1.538461
v -0.000769 -0.769231 1.923077
v 0.000000 -0.384615 1.923077
v 0.000000 -0.384615 1.538461
v 0.000000 -0.769231 1.923077
v 0.000000 -0.769231 1.538461
vn -0.0000 -0.0000 1.0000
vn -0.0000 -0.0000 -1.0000
vn -0.0000 1.0000 -0.0000
vn -0.0000 -1.0000 -0.0000
vn -1.0000 -0.0000 -0.0000
vn 1.0000 -0.0000 -0.0000
vt 0.187500 0.343750
vt 0.187500 0.328125
vt 0.203125 0.343750
vt 0.203125 0.328125
vt 0.218750 0.343750
vt 0.218750 0.328125
vt 0.234375 0.343750
vt 0.234375 0.328125
vt 0.671875 0.765625
vt 0.671875 0.781250
vt 0.656250 0.765625
vt 0.656250 0.781250
vt 0.265625 0.343750
vt 0.265625 0.328125
vt 0.250000 0.343750
vt 0.250000 0.328125
vt 0.656250 0.812500
vt 0.656250 0.796875
vt 0.671875 0.812500
vt 0.671875 0.796875
vt 0.656250 0.843750
vt 0.656250 0.828125
vt 0.671875 0.843750
vt 0.671875 0.828125
s 0
usemtl Material_0.002
f 898/731/127 900/732/127 899/733/127
f 900/732/127 901/734/127 899/733/127
f 902/735/128 904/736/128 903/737/128
f 904/736/128 905/738/128 903/737/128
f 906/739/129 908/740/129 907/741/129
f 908/740/129 909/742/129 907/741/129
f 910/743/130 912/744/130 911/745/130
f 912/744/130 913/746/130 911/745/130
f 914/747/131 916/748/131 915/749/131
f 916/748/131 917/750/131 915/749/131
f 918/751/132 920/752/132 919/753/132
f 920/752/132 921/754/132 919/753/132
o bulletModel_80
v 0.384616 -0.384615 1.923077
v 0.000000 -0.384615 1.538461
v 0.384616 0.000000 1.538461
v 0.384616 0.000000 1.923077
v 0.000000 0.000000 1.538461
v 0.000000 0.000000 1.923077
v 0.000000 0.000000 1.538461
v 0.000000 0.000000 1.923077
v 0.000000 -0.384615 1.538461
v 0.000000 -0.384615 1.923077
vn -0.0000 1.0000 -0.0000
vn -1.0000 -0.0000 -0.0000
vt 0.671875 0.671875
vt 0.671875 0.687500
vt 0.656250 0.671875
vt 0.656250 0.687500
vt 0.656250 0.718750
vt 0.656250 0.703125
vt 0.671875 0.718750
vt 0.671875 0.703125
s 0
usemtl Material_0.002
f 924/755/133 926/756/133 925/757/133
f 926/756/133 927/758/133 925/757/133
f 928/759/134 930/760/134 929/761/134
f 930/760/134 931/762/134 929/761/134
o bulletModel_72
v 0.000001 0.000000 3.076923
v 0.384616 0.000000 3.076923
v 0.000001 -0.384615 3.076923
v 0.384616 -0.384615 3.076923
v 0.384616 0.000000 2.692307
v 0.384616 0.000000 2.692307
v 0.384616 0.000000 3.076923
v 0.000001 0.000000 2.692307
v 0.000001 0.000000 3.076923
v 0.384616 -0.384615 3.076923
v 0.000001 0.000000 2.692307
v 0.000001 0.000000 3.076923
v 0.000001 -0.384615 2.692307
v 0.000001 -0.384615 3.076923
v 0.384616 0.000000 3.076923
vn -0.0000 -0.0000 1.0000
vn -0.0000 1.0000 -0.0000
vn -1.0000 -0.0000 -0.0000
vt 0.375000 0.343750
vt 0.375000 0.328125
vt 0.390625 0.343750
vt 0.390625 0.328125
vt 0.671875 0.578125
vt 0.671875 0.593750
vt 0.656250 0.578125
vt 0.656250 0.593750
vt 0.656250 0.625000
vt 0.656250 0.609375
vt 0.671875 0.625000
vt 0.671875 0.609375
s 0
usemtl Material_0.002
f 932/763/135 934/764/135 933/765/135
f 934/764/135 935/766/135 933/765/135
f 937/767/136 939/768/136 938/769/136
f 939/768/136 940/770/136 938/769/136
f 942/771/137 944/772/137 943/773/137
f 944/772/137 945/774/137 943/773/137
o bulletModel_68
v 0.000001 -0.384615 3.076923
v 0.384616 -0.384615 3.076923
v 0.000001 -0.769231 3.076923
v 0.384616 -0.769231 3.076923
v 0.000001 -0.769231 2.692307
v 0.000001 -0.384615 3.076923
v 0.384616 -0.769231 3.076923
v 0.000001 -0.384615 2.692307
v 0.000001 -0.384615 3.076923
v 0.000001 -0.769231 2.692307
v 0.000001 -0.769231 3.076923
vn -0.0000 -0.0000 1.0000
vn -1.0000 -0.0000 -0.0000
vt 0.468750 0.343750
vt 0.468750 0.328125
vt 0.484375 0.343750
vt 0.484375 0.328125
vt 0.656250 0.531250
vt 0.656250 0.515625
vt 0.671875 0.531250
vt 0.671875 0.515625
s 0
usemtl Material_0.002
f 947/775/138 949/776/138 948/777/138
f 949/776/138 950/778/138 948/777/138
f 954/779/139 956/780/139 955/781/139
f 956/780/139 957/782/139 955/781/139
o bulletModel_70
v -0.000769 -0.384615 2.692307
v 0.000001 -0.384615 2.692307
v -0.000769 -0.769231 2.692307
v 0.000001 -0.769231 2.692307
v 0.000000 -0.384615 2.307692
v -0.000769 -0.384615 2.307692
v 0.000000 -0.769231 2.307692
v -0.000769 -0.769231 2.307692
v 0.000000 -0.384615 2.307692
v 0.000001 -0.384615 2.692307
v -0.000769 -0.384615 2.307692
v -0.000769 -0.384615 2.692307
v -0.000769 -0.769231 2.307692
v -0.000769 -0.769231 2.692307
v 0.000000 -0.769231 2.307692
v 0.000001 -0.769231 2.692307
v -0.000769 -0.384615 2.307692
v -0.000769 -0.384615 2.692307
v -0.000769 -0.769231 2.307692
v -0.000769 -0.769231 2.692307
v 0.000001 -0.384615 2.692307
v 0.000000 -0.384615 2.307692
v 0.000001 -0.769231 2.692307
v 0.000000 -0.769231 2.307692
vn -0.0000 -0.0000 1.0000
vn -0.0000 -0.0000 -1.0000
vn -0.0000 1.0000 -0.0000
vn -0.0000 -1.0000 -0.0000
vn -1.0000 -0.0000 -0.0000
vn 1.0000 -0.0000 -0.0000
vt 0.562500 0.343750
vt 0.562500 0.328125
vt 0.578125 0.343750
vt 0.578125 0.328125
vt 0.593750 0.343750
vt 0.593750 0.328125
vt 0.609375 0.343750
vt 0.609375 0.328125
vt 0.671875 0.390625
vt 0.671875 0.406250
vt 0.656250 0.390625
vt 0.656250 0.406250
vt 0.640625 0.343750
vt 0.640625 0.328125
vt 0.625000 0.343750
vt 0.625000 0.328125
vt 0.656250 0.437500
vt 0.656250 0.421875
vt 0.671875 0.437500
vt 0.671875 0.421875
vt 0.656250 0.468750
vt 0.656250 0.453125
vt 0.671875 0.468750
vt 0.671875 0.453125
s 0
usemtl Material_0.002
f 958/783/140 960/784/140 959/785/140
f 960/784/140 961/786/140 959/785/140
f 962/787/141 964/788/141 963/789/141
f 964/788/141 965/790/141 963/789/141
f 966/791/142 968/792/142 967/793/142
f 968/792/142 969/794/142 967/793/142
f 970/795/143 972/796/143 971/797/143
f 972/796/143 973/798/143 971/797/143
f 974/799/144 976/800/144 975/801/144
f 976/800/144 977/802/144 975/801/144
f 978/803/145 980/804/145 979/805/145
f 980/804/145 981/806/145 979/805/145
o bulletModel_74
v 0.384616 -0.384615 2.692307
v 0.000000 -0.384615 2.307692
v 0.384616 0.000000 2.307692
v 0.384616 0.000000 2.692307
v 0.000000 0.000000 2.307692
v 0.000001 0.000000 2.692307
v 0.000000 0.000000 2.307692
v 0.000001 0.000000 2.692307
v 0.000000 -0.384615 2.307692
v 0.000001 -0.384615 2.692307
vn -0.0000 1.0000 -0.0000
vn -1.0000 -0.0000 -0.0000
vt 0.046875 0.296875
vt 0.046875 0.312500
vt 0.031250 0.296875
vt 0.031250 0.312500
vt 0.000000 0.312500
vt 0.000000 0.296875
vt 0.015625 0.312500
vt 0.015625 0.296875
s 0
usemtl Material_0.002
f 984/807/146 986/808/146 985/809/146
f 986/808/146 987/810/146 985/809/146
f 988/811/147 990/812/147 989/813/147
f 990/812/147 991/814/147 989/813/147
o bulletModel_64
v 0.000001 -0.769231 3.076923
v 0.384616 -0.769231 3.076923
v 0.000001 -1.153846 3.076923
v 0.384616 -1.153846 3.076923
v 0.000001 -0.769231 3.076923
v 0.000001 -1.153846 2.692307
v 0.000001 -0.769231 2.692307
v 0.000001 -0.769231 3.076923
v 0.000001 -1.153846 2.692307
v 0.000001 -1.153846 3.076923
vn -0.0000 -0.0000 1.0000
vn -1.0000 -0.0000 -0.0000
vt 0.687500 0.937500
vt 0.687500 0.921875
vt 0.703125 0.937500
vt 0.703125 0.921875
vt 0.093750 0.312500
vt 0.093750 0.296875
vt 0.109375 0.312500
vt 0.109375 0.296875
s 0
usemtl Material_0.002
f 992/815/148 994/816/148 993/817/148
f 994/816/148 995/818/148 993/817/148
f 998/819/149 1000/820/149 999/821/149
f 1000/820/149 1001/822/149 999/821/149
o bulletModel_85
v 0.384615 0.000000 -1.538462
v 0.384615 0.000000 -1.153846
v -0.000000 0.000000 -1.538461
v -0.000000 0.000000 -1.153846
v -0.000000 0.000000 -1.538461
v -0.000000 0.000000 -1.153846
v -0.000000 -0.384615 -1.538461
v -0.000000 -0.384615 -1.153846
vn -0.0000 1.0000 -0.0000
vn -1.0000 -0.0000 -0.0000
vt 0.234375 0.296875
vt 0.234375 0.312500
vt 0.218750 0.296875
vt 0.218750 0.312500
vt 0.187500 0.312500
vt 0.187500 0.296875
vt 0.203125 0.312500
vt 0.203125 0.296875
s 0
usemtl Material_0.002
f 1002/823/150 1004/824/150 1003/825/150
f 1004/824/150 1005/826/150 1003/825/150
f 1006/827/151 1008/828/151 1007/829/151
f 1008/828/151 1009/830/151 1007/829/151
o bulletModel_87
v -0.000769 -0.384615 -1.153846
v -0.000000 -0.384615 -1.153846
v -0.000769 -0.769231 -1.153846
v -0.000000 -0.769231 -1.153846
v -0.000000 -0.384615 -1.538461
v -0.000770 -0.384615 -1.538461
v -0.000000 -0.769231 -1.538461
v -0.000770 -0.769231 -1.538461
v -0.000000 -0.384615 -1.538461
v -0.000000 -0.384615 -1.153846
v -0.000770 -0.384615 -1.538461
v -0.000769 -0.384615 -1.153846
v -0.000770 -0.769231 -1.538461
v -0.000769 -0.769231 -1.153846
v -0.000000 -0.769231 -1.538461
v -0.000000 -0.769231 -1.153846
v -0.000770 -0.384615 -1.538461
v -0.000769 -0.384615 -1.153846
v -0.000770 -0.769231 -1.538461
v -0.000769 -0.769231 -1.153846
v -0.000000 -0.384615 -1.153846
v -0.000000 -0.384615 -1.538461
v -0.000000 -0.769231 -1.153846
v -0.000000 -0.769231 -1.538461
vn -0.0000 -0.0000 1.0000
vn -0.0000 -0.0000 -1.0000
vn -0.0000 1.0000 -0.0000
vn -0.0000 -1.0000 -0.0000
vn -1.0000 -0.0000 -0.0000
vn 1.0000 -0.0000 -0.0000
vt 0.687500 0.750000
vt 0.687500 0.734375
vt 0.703125 0.750000
vt 0.703125 0.734375
vt 0.687500 0.718750
vt 0.687500 0.703125
vt 0.703125 0.718750
vt 0.703125 0.703125
vt 0.328125 0.296875
vt 0.328125 0.312500
vt 0.312500 0.296875
vt 0.312500 0.312500
vt 0.703125 0.687500
vt 0.703125 0.671875
vt 0.687500 0.687500
vt 0.687500 0.671875
vt 0.281250 0.312500
vt 0.281250 0.296875
vt 0.296875 0.312500
vt 0.296875 0.296875
vt 0.250000 0.312500
vt 0.250000 0.296875
vt 0.265625 0.312500
vt 0.265625 0.296875
s 0
usemtl Material_0.002
f 1010/831/152 1012/832/152 1011/833/152
f 1012/832/152 1013/834/152 1011/833/152
f 1014/835/153 1016/836/153 1015/837/153
f 1016/836/153 1017/838/153 1015/837/153
f 1018/839/154 1020/840/154 1019/841/154
f 1020/840/154 1021/842/154 1019/841/154
f 1022/843/155 1024/844/155 1023/845/155
f 1024/844/155 1025/846/155 1023/845/155
f 1026/847/156 1028/848/156 1027/849/156
f 1028/848/156 1029/850/156 1027/849/156
f 1030/851/157 1032/852/157 1031/853/157
f 1032/852/157 1033/854/157 1031/853/157
o bulletModel_95
v -0.000000 -0.769231 -0.769231
v 0.384615 -0.769231 -0.769231
v -0.000000 -1.153846 -0.769231
v 0.384615 -1.153846 -0.769231
v -0.000000 -0.769231 -0.769231
v -0.000000 -0.769231 -1.153846
v -0.000000 -0.769231 -0.769231
v -0.000000 -1.153846 -1.153846
v -0.000000 -1.153846 -0.769231
vn -0.0000 -0.0000 1.0000
vn -1.0000 -0.0000 -0.0000
vt 0.687500 0.656250
vt 0.687500 0.640625
vt 0.703125 0.656250
vt 0.703125 0.640625
vt 0.375000 0.312500
vt 0.375000 0.296875
vt 0.390625 0.312500
vt 0.390625 0.296875
s 0
usemtl Material_0.002
f 1034/855/158 1036/856/158 1035/857/158
f 1036/856/158 1037/858/158 1035/857/158
f 1039/859/159 1041/860/159 1040/861/159
f 1041/860/159 1042/862/159 1040/861/159
o bulletModel_97
v -0.000769 -1.153846 -1.153846
v -0.000000 -1.153846 -1.153846
v -0.000769 -1.538462 -1.153846
v -0.000000 -1.538462 -1.153846
v -0.000000 -1.153846 -1.538461
v -0.000770 -1.153846 -1.538461
v -0.000000 -1.538462 -1.538461
v -0.000770 -1.538462 -1.538461
v -0.000000 -1.153846 -1.538461
v -0.000000 -1.153846 -1.153846
v -0.000770 -1.153846 -1.538461
v -0.000769 -1.153846 -1.153846
v -0.000770 -1.538462 -1.538461
v -0.000769 -1.538462 -1.153846
v -0.000000 -1.538462 -1.538461
v -0.000000 -1.538462 -1.153846
v -0.000770 -1.153846 -1.538461
v -0.000769 -1.153846 -1.153846
v -0.000770 -1.538462 -1.538461
v -0.000769 -1.538462 -1.153846
v -0.000000 -1.153846 -1.153846
v -0.000000 -1.153846 -1.538461
v -0.000000 -1.538462 -1.153846
v -0.000000 -1.538462 -1.538461
vn -0.0000 -0.0000 1.0000
vn -0.0000 -0.0000 -1.0000
vn -0.0000 1.0000 -0.0000
vn -0.0000 -1.0000 -0.0000
vn -1.0000 -0.0000 -0.0000
vn 1.0000 -0.0000 -0.0000
vt 0.687500 0.562500
vt 0.687500 0.546875
vt 0.703125 0.562500
vt 0.703125 0.546875
vt 0.687500 0.531250
vt 0.687500 0.515625
vt 0.703125 0.531250
vt 0.703125 0.515625
vt 0.515625 0.296875
vt 0.515625 0.312500
vt 0.500000 0.296875
vt 0.500000 0.312500
vt 0.703125 0.500000
vt 0.703125 0.484375
vt 0.687500 0.500000
vt 0.687500 0.484375
vt 0.468750 0.312500
vt 0.468750 0.296875
vt 0.484375 0.312500
vt 0.484375 0.296875
vt 0.437500 0.312500
vt 0.437500 0.296875
vt 0.453125 0.312500
vt 0.453125 0.296875
s 0
usemtl Material_0.002
f 1043/863/160 1045/864/160 1044/865/160
f 1045/864/160 1046/866/160 1044/865/160
f 1047/867/161 1049/868/161 1048/869/161
f 1049/868/161 1050/870/161 1048/869/161
f 1051/871/162 1053/872/162 1052/873/162
f 1053/872/162 1054/874/162 1052/873/162
f 1055/875/163 1057/876/163 1056/877/163
f 1057/876/163 1058/878/163 1056/877/163
f 1059/879/164 1061/880/164 1060/881/164
f 1061/880/164 1062/882/164 1060/881/164
f 1063/883/165 1065/884/165 1064/885/165
f 1065/884/165 1066/886/165 1064/885/165
o bulletModel_91
v -0.000000 -0.384615 -0.769231
v 0.384615 -0.384615 -0.769231
v -0.000000 -0.769231 -0.769231
v 0.384615 -0.769231 -0.769231
v -0.000000 -0.384615 -0.769231
v -0.000000 -0.769231 -1.153846
v -0.000000 -0.384615 -1.153846
v -0.000000 -0.384615 -0.769231
v -0.000000 -0.769231 -1.153846
v -0.000000 -0.769231 -0.769231
vn -0.0000 -0.0000 1.0000
vn -1.0000 -0.0000 -0.0000
vt 0.687500 0.468750
vt 0.687500 0.453125
vt 0.703125 0.468750
vt 0.703125 0.453125
vt 0.562500 0.312500
vt 0.562500 0.296875
vt 0.578125 0.312500
vt 0.578125 0.296875
s 0
usemtl Material_0.002
f 1067/887/166 1069/888/166 1068/889/166
f 1069/888/166 1070/890/166 1068/889/166
f 1073/891/167 1075/892/167 1074/893/167
f 1075/892/167 1076/894/167 1074/893/167
o bulletModel_99
v -0.000000 -1.153846 -0.769231
v 0.384615 -1.153846 -0.769231
v -0.000000 -1.538462 -0.769231
v 0.384615 -1.538462 -0.769231
v -0.000000 -1.538462 -1.153846
v -0.000000 -1.153846 -1.153846
v -0.000000 -1.153846 -0.769231
v -0.000000 -1.538462 -1.153846
v -0.000000 -1.538462 -0.769231
vn -0.0000 -0.0000 1.0000
vn -1.0000 -0.0000 -0.0000
vt 0.687500 0.375000
vt 0.687500 0.359375
vt 0.703125 0.375000
vt 0.703125 0.359375
vt 0.656250 0.312500
vt 0.656250 0.296875
vt 0.671875 0.312500
vt 0.671875 0.296875
s 0
usemtl Material_0.002
f 1077/895/168 1079/896/168 1078/897/168
f 1079/896/168 1080/898/168 1078/897/168
f 1082/899/169 1084/900/169 1083/901/169
f 1084/900/169 1085/902/169 1083/901/169
o bulletModel_89
v -0.000000 0.000000 -0.769231
v 0.384615 0.000000 -0.769231
v -0.000000 -0.384615 -0.769231
v 0.384615 -0.384615 -0.769231
v 0.384615 0.000000 -1.153846
v 0.384615 0.000000 -0.769231
v -0.000000 0.000000 -1.153846
v -0.000000 0.000000 -0.769231
v -0.000000 0.000000 -1.153846
v -0.000000 0.000000 -0.769231
v -0.000000 -0.384615 -1.153846
v -0.000000 -0.384615 -0.769231
vn -0.0000 -0.0000 1.0000
vn -0.0000 1.0000 -0.0000
vn -1.0000 -0.0000 -0.0000
vt 0.031250 0.281250
vt 0.031250 0.265625
vt 0.046875 0.281250
vt 0.046875 0.265625
vt 0.734375 0.921875
vt 0.734375 0.937500
vt 0.718750 0.921875
vt 0.718750 0.937500
vt 0.718750 0.968750
vt 0.718750 0.953125
vt 0.734375 0.968750
vt 0.734375 0.953125
s 0
usemtl Material_0.002
f 1086/903/170 1088/904/170 1087/905/170
f 1088/904/170 1089/906/170 1087/905/170
f 1090/907/171 1092/908/171 1091/909/171
f 1092/908/171 1093/910/171 1091/909/171
f 1094/911/172 1096/912/172 1095/913/172
f 1096/912/172 1097/914/172 1095/913/172
o bulletModel_77
v 0.384615 0.000000 -2.307692
v 0.384615 0.000000 -1.923077
v -0.000000 0.000000 -2.307692
v -0.000000 0.000000 -1.923077
v -0.000000 0.000000 -2.307692
v -0.000000 0.000000 -1.923077
v -0.000000 -0.384615 -2.307692
v -0.000000 -0.384615 -1.923077
vn -0.0000 1.0000 -0.0000
vn -1.0000 -0.0000 -0.0000
vt 0.734375 0.828125
vt 0.734375 0.843750
vt 0.718750 0.828125
vt 0.718750 0.843750
vt 0.718750 0.875000
vt 0.718750 0.859375
vt 0.734375 0.875000
vt 0.734375 0.859375
s 0
usemtl Material_0.002
f 1098/915/173 1100/916/173 1099/917/173
f 1100/916/173 1101/918/173 1099/917/173
f 1102/919/174 1104/920/174 1103/921/174
f 1104/920/174 1105/922/174 1103/921/174
o bulletModel_79
v -0.000770 -0.384615 -1.923077
v -0.000000 -0.384615 -1.923077
v -0.000770 -0.769231 -1.923077
v -0.000000 -0.769231 -1.923077
v -0.000000 -0.384615 -2.307692
v -0.000770 -0.384615 -2.307692
v -0.000000 -0.769231 -2.307692
v -0.000770 -0.769231 -2.307692
v -0.000000 -0.384615 -2.307692
v -0.000000 -0.384615 -1.923077
v -0.000770 -0.384615 -2.307692
v -0.000770 -0.384615 -1.923077
v -0.000770 -0.769231 -2.307692
v -0.000770 -0.769231 -1.923077
v -0.000000 -0.769231 -2.307692
v -0.000000 -0.769231 -1.923077
v -0.000770 -0.384615 -2.307692
v -0.000770 -0.384615 -1.923077
v -0.000770 -0.769231 -2.307692
v -0.000770 -0.769231 -1.923077
v -0.000000 -0.384615 -1.923077
v -0.000000 -0.384615 -2.307692
v -0.000000 -0.769231 -1.923077
v -0.000000 -0.769231 -2.307692
vn -0.0000 -0.0000 1.0000
vn -0.0000 -0.0000 -1.0000
vn -0.0000 1.0000 -0.0000
vn -0.0000 -1.0000 -0.0000
vn -1.0000 -0.0000 -0.0000
vn 1.0000 -0.0000 -0.0000
vt 0.218750 0.281250
vt 0.218750 0.265625
vt 0.234375 0.281250
vt 0.234375 0.265625
vt 0.250000 0.281250
vt 0.250000 0.265625
vt 0.265625 0.281250
vt 0.265625 0.265625
vt 0.734375 0.734375
vt 0.734375 0.750000
vt 0.718750 0.734375
vt 0.718750 0.750000
vt 0.296875 0.281250
vt 0.296875 0.265625
vt 0.281250 0.281250
vt 0.281250 0.265625
vt 0.718750 0.781250
vt 0.718750 0.765625
vt 0.734375 0.781250
vt 0.734375 0.765625
vt 0.718750 0.812500
vt 0.718750 0.796875
vt 0.734375 0.812500
vt 0.734375 0.796875
s 0
usemtl Material_0.002
f 1106/923/175 1108/924/175 1107/925/175
f 1108/924/175 1109/926/175 1107/925/175
f 1110/927/176 1112/928/176 1111/929/176
f 1112/928/176 1113/930/176 1111/929/176
f 1114/931/177 1116/932/177 1115/933/177
f 1116/932/177 1117/934/177 1115/933/177
f 1118/935/178 1120/936/178 1119/937/178
f 1120/936/178 1121/938/178 1119/937/178
f 1122/939/179 1124/940/179 1123/941/179
f 1124/940/179 1125/942/179 1123/941/179
f 1126/943/180 1128/944/180 1127/945/180
f 1128/944/180 1129/946/180 1127/945/180
o bulletModel_83
v -0.000770 -0.384615 -1.538461
v -0.000000 -0.384615 -1.538461
v -0.000770 -0.769231 -1.538461
v -0.000000 -0.769231 -1.538461
v -0.000000 -0.384615 -1.923077
v -0.000770 -0.384615 -1.923077
v -0.000000 -0.769231 -1.923077
v -0.000770 -0.769231 -1.923077
v -0.000000 -0.384615 -1.923077
v -0.000000 -0.384615 -1.538461
v -0.000770 -0.384615 -1.923077
v -0.000770 -0.384615 -1.538461
v -0.000770 -0.769231 -1.923077
v -0.000770 -0.769231 -1.538461
v -0.000000 -0.769231 -1.923077
v -0.000000 -0.769231 -1.538461
v -0.000770 -0.384615 -1.923077
v -0.000770 -0.384615 -1.538461
v -0.000770 -0.769231 -1.923077
v -0.000770 -0.769231 -1.538461
v -0.000000 -0.384615 -1.538461
v -0.000000 -0.384615 -1.923077
v -0.000000 -0.769231 -1.538461
v -0.000000 -0.769231 -1.923077
vn -0.0000 -0.0000 1.0000
vn -0.0000 -0.0000 -1.0000
vn -0.0000 1.0000 -0.0000
vn -0.0000 -1.0000 -0.0000
vn -1.0000 -0.0000 -0.0000
vn 1.0000 -0.0000 -0.0000
vt 0.312500 0.281250
vt 0.312500 0.265625
vt 0.328125 0.281250
vt 0.328125 0.265625
vt 0.343750 0.281250
vt 0.343750 0.265625
vt 0.359375 0.281250
vt 0.359375 0.265625
vt 0.734375 0.640625
vt 0.734375 0.656250
vt 0.718750 0.640625
vt 0.718750 0.656250
vt 0.390625 0.281250
vt 0.390625 0.265625
vt 0.375000 0.281250
vt 0.375000 0.265625
vt 0.718750 0.687500
vt 0.718750 0.671875
vt 0.734375 0.687500
vt 0.734375 0.671875
vt 0.718750 0.718750
vt 0.718750 0.703125
vt 0.734375 0.718750
vt 0.734375 0.703125
s 0
usemtl Material_0.002
f 1130/947/181 1132/948/181 1131/949/181
f 1132/948/181 1133/950/181 1131/949/181
f 1134/951/182 1136/952/182 1135/953/182
f 1136/952/182 1137/954/182 1135/953/182
f 1138/955/183 1140/956/183 1139/957/183
f 1140/956/183 1141/958/183 1139/957/183
f 1142/959/184 1144/960/184 1143/961/184
f 1144/960/184 1145/962/184 1143/961/184
f 1146/963/185 1148/964/185 1147/965/185
f 1148/964/185 1149/966/185 1147/965/185
f 1150/967/186 1152/968/186 1151/969/186
f 1152/968/186 1153/970/186 1151/969/186
o bulletModel_81
v -0.000000 0.000000 -1.538461
v 0.384615 0.000000 -1.923077
v 0.384615 0.000000 -1.538462
v -0.000000 0.000000 -1.923077
v -0.000000 0.000000 -1.538461
v -0.000000 0.000000 -1.923077
v -0.000000 0.000000 -1.538461
v -0.000000 -0.384615 -1.923077
v -0.000000 -0.384615 -1.538461
vn -0.0000 1.0000 -0.0000
vn -1.0000 -0.0000 -0.0000
vt 0.734375 0.546875
vt 0.734375 0.562500
vt 0.718750 0.546875
vt 0.718750 0.562500
vt 0.718750 0.593750
vt 0.718750 0.578125
vt 0.734375 0.593750
vt 0.734375 0.578125
s 0
usemtl Material_0.002
f 1155/971/187 1157/972/187 1156/973/187
f 1157/972/187 1158/974/187 1156/973/187
f 1159/975/188 1161/976/188 1160/977/188
f 1161/976/188 1162/978/188 1160/977/188
o bulletModel_73
v -0.000001 0.000000 -2.692307
v 0.384615 0.000000 -3.076923
v -0.000001 0.000000 -3.076923
v 0.384615 -0.384615 -3.076923
v -0.000001 -0.384615 -3.076923
v 0.384615 0.000000 -3.076923
v 0.384615 0.000000 -2.692307
v -0.000001 0.000000 -3.076923
v -0.000001 0.000000 -2.692307
v -0.000001 -0.384615 -3.076923
v -0.000001 0.000000 -3.076923
v -0.000001 0.000000 -2.692307
v -0.000001 -0.384615 -3.076923
v -0.000001 -0.384615 -2.692307
vn -0.0000 -0.0000 -1.0000
vn -0.0000 1.0000 -0.0000
vn -1.0000 -0.0000 -0.0000
vt 0.531250 0.281250
vt 0.531250 0.265625
vt 0.546875 0.281250
vt 0.546875 0.265625
vt 0.734375 0.453125
vt 0.734375 0.468750
vt 0.718750 0.453125
vt 0.718750 0.468750
vt 0.718750 0.500000
vt 0.718750 0.484375
vt 0.734375 0.500000
vt 0.734375 0.484375
s 0
usemtl Material_0.002
f 1164/979/189 1166/980/189 1165/981/189
f 1166/980/189 1167/982/189 1165/981/189
f 1168/983/190 1170/984/190 1169/985/190
f 1170/984/190 1171/986/190 1169/985/190
f 1173/987/191 1175/988/191 1174/989/191
f 1175/988/191 1176/990/191 1174/989/191
o bulletModel_69
v 0.384615 -0.384615 -3.076923
v -0.000001 -0.384615 -3.076923
v 0.384615 -0.769231 -3.076923
v -0.000001 -0.769231 -3.076923
v -0.000001 -0.769231 -3.076923
v -0.000001 -0.384615 -3.076923
v -0.000001 -0.384615 -2.692307
v -0.000001 -0.769231 -3.076923
v -0.000001 -0.769231 -2.692307
vn -0.0000 -0.0000 -1.0000
vn -1.0000 -0.0000 -0.0000
vt 0.625000 0.281250
vt 0.625000 0.265625
vt 0.640625 0.281250
vt 0.640625 0.265625
vt 0.718750 0.406250
vt 0.718750 0.390625
vt 0.734375 0.406250
vt 0.734375 0.390625
s 0
usemtl Material_0.002
f 1177/991/192 1179/992/192 1178/993/192
f 1179/992/192 1180/994/192 1178/993/192
f 1182/995/193 1184/996/193 1183/997/193
f 1184/996/193 1185/998/193 1183/997/193
o bulletModel_71
v -0.000770 -0.384615 -2.307692
v -0.000000 -0.384615 -2.307692
v -0.000770 -0.769231 -2.307692
v -0.000000 -0.769231 -2.307692
v -0.000001 -0.384615 -2.692307
v -0.000770 -0.384615 -2.692307
v -0.000001 -0.769231 -2.692307
v -0.000770 -0.769231 -2.692307
v -0.000001 -0.384615 -2.692307
v -0.000000 -0.384615 -2.307692
v -0.000770 -0.384615 -2.692307
v -0.000770 -0.384615 -2.307692
v -0.000770 -0.769231 -2.692307
v -0.000770 -0.769231 -2.307692
v -0.000001 -0.769231 -2.692307
v -0.000000 -0.769231 -2.307692
v -0.000770 -0.384615 -2.692307
v -0.000770 -0.384615 -2.307692
v -0.000770 -0.769231 -2.692307
v -0.000770 -0.769231 -2.307692
v -0.000000 -0.384615 -2.307692
v -0.000001 -0.384615 -2.692307
v -0.000000 -0.769231 -2.307692
v -0.000001 -0.769231 -2.692307
vn -0.0000 -0.0000 1.0000
vn -0.0000 -0.0000 -1.0000
vn -0.0000 1.0000 -0.0000
vn -0.0000 -1.0000 -0.0000
vn -1.0000 -0.0000 -0.0000
vn 1.0000 -0.0000 -0.0000
vt 0.687500 0.281250
vt 0.687500 0.265625
vt 0.703125 0.281250
vt 0.703125 0.265625
vt 0.718750 0.281250
vt 0.718750 0.265625
vt 0.734375 0.281250
vt 0.734375 0.265625
vt 0.015625 0.234375
vt 0.015625 0.250000
vt 0.000000 0.234375
vt 0.000000 0.250000
vt 0.765625 1.000000
vt 0.765625 0.984375
vt 0.750000 1.000000
vt 0.750000 0.984375
vt 0.718750 0.312500
vt 0.718750 0.296875
vt 0.734375 0.312500
vt 0.734375 0.296875
vt 0.718750 0.343750
vt 0.718750 0.328125
vt 0.734375 0.343750
vt 0.734375 0.328125
s 0
usemtl Material_0.002
f 1186/999/194 1188/1000/194 1187/1001/194
f 1188/1000/194 1189/1002/194 1187/1001/194
f 1190/1003/195 1192/1004/195 1191/1005/195
f 1192/1004/195 1193/1006/195 1191/1005/195
f 1194/1007/196 1196/1008/196 1195/1009/196
f 1196/1008/196 1197/1010/196 1195/1009/196
f 1198/1011/197 1200/1012/197 1199/1013/197
f 1200/1012/197 1201/1014/197 1199/1013/197
f 1202/1015/198 1204/1016/198 1203/1017/198
f 1204/1016/198 1205/1018/198 1203/1017/198
f 1206/1019/199 1208/1020/199 1207/1021/199
f 1208/1020/199 1209/1022/199 1207/1021/199
o bulletModel_75
v -0.000000 0.000000 -2.307692
v 0.384615 0.000000 -2.692307
v 0.384615 0.000000 -2.307692
v -0.000001 0.000000 -2.692307
v -0.000000 0.000000 -2.307692
v -0.000001 0.000000 -2.692307
v -0.000000 0.000000 -2.307692
v -0.000001 -0.384615 -2.692307
v -0.000000 -0.384615 -2.307692
vn -0.0000 1.0000 -0.0000
vn -1.0000 -0.0000 -0.0000
vt 0.109375 0.234375
vt 0.109375 0.250000
vt 0.093750 0.234375
vt 0.093750 0.250000
vt 0.062500 0.250000
vt 0.062500 0.234375
vt 0.078125 0.250000
vt 0.078125 0.234375
s 0
usemtl Material_0.002
f 1211/1023/200 1213/1024/200 1212/1025/200
f 1213/1024/200 1214/1026/200 1212/1025/200
f 1215/1027/201 1217/1028/201 1216/1029/201
f 1217/1028/201 1218/1030/201 1216/1029/201
o bulletModel_65
v 0.384615 -0.769231 -3.076923
v -0.000001 -0.769231 -3.076923
v 0.384615 -1.153846 -3.076923
v -0.000001 -1.153846 -3.076923
v -0.000001 -1.153846 -3.076923
v -0.000001 -0.769231 -3.076923
v -0.000001 -0.769231 -2.692307
v -0.000001 -1.153846 -3.076923
v -0.000001 -1.153846 -2.692307
vn -0.0000 -0.0000 -1.0000
vn -1.0000 -0.0000 -0.0000
vt 0.750000 0.843750
vt 0.750000 0.828125
vt 0.765625 0.843750
vt 0.765625 0.828125
vt 0.156250 0.250000
vt 0.156250 0.234375
vt 0.171875 0.250000
vt 0.171875 0.234375
s 0
usemtl Material_0.002
f 1219/1031/202 1221/1032/202 1220/1033/202
f 1221/1032/202 1222/1034/202 1220/1033/202
f 1224/1035/203 1226/1036/203 1225/1037/203
f 1226/1036/203 1227/1038/203 1225/1037/203
o bulletModel_61
v 0.384615 -1.153846 -3.076923
v -0.000001 -1.153846 -3.076923
v 0.384615 -1.538462 -3.076923
v -0.000001 -1.538462 -3.076923
v -0.000001 -1.153846 -3.076923
v -0.000001 -1.153846 -2.692307
v -0.000001 -1.538462 -3.076923
v -0.000001 -1.538462 -2.692307
vn -0.0000 -0.0000 -1.0000
vn -1.0000 -0.0000 -0.0000
vt 0.750000 0.750000
vt 0.750000 0.734375
vt 0.765625 0.750000
vt 0.765625 0.734375
vt 0.250000 0.250000
vt 0.250000 0.234375
vt 0.265625 0.250000
vt 0.265625 0.234375
s 0
usemtl Material_0.002
f 1228/1039/204 1230/1040/204 1229/1041/204
f 1230/1040/204 1231/1042/204 1229/1041/204
f 1232/1043/205 1234/1044/205 1233/1045/205
f 1234/1044/205 1235/1046/205 1233/1045/205
o bulletModel_63
v -0.000770 -1.153846 -2.307692
v -0.000000 -1.153846 -2.307692
v -0.000770 -1.538462 -2.307692
v -0.000000 -1.538462 -2.307692
v -0.000001 -1.153846 -2.692307
v -0.000770 -1.153846 -2.692307
v -0.000001 -1.538462 -2.692307
v -0.000770 -1.538462 -2.692307
v -0.000001 -1.153846 -2.692307
v -0.000000 -1.153846 -2.307692
v -0.000770 -1.153846 -2.692307
v -0.000770 -1.153846 -2.307692
v -0.000770 -1.538462 -2.692307
v -0.000770 -1.538462 -2.307692
v -0.000001 -1.538462 -2.692307
v -0.000000 -1.538462 -2.307692
v -0.000770 -1.153846 -2.692307
v -0.000770 -1.153846 -2.307692
v -0.000770 -1.538462 -2.692307
v -0.000770 -1.538462 -2.307692
v -0.000000 -1.153846 -2.307692
v -0.000001 -1.153846 -2.692307
v -0.000000 -1.538462 -2.307692
v -0.000001 -1.538462 -2.692307
vn -0.0000 -0.0000 1.0000
vn -0.0000 -0.0000 -1.0000
vn -0.0000 1.0000 -0.0000
vn -0.0000 -1.0000 -0.0000
vn -1.0000 -0.0000 -0.0000
vn 1.0000 -0.0000 -0.0000
vt 0.750000 0.687500
vt 0.750000 0.671875
vt 0.765625 0.687500
vt 0.765625 0.671875
vt 0.750000 0.656250
vt 0.750000 0.640625
vt 0.765625 0.656250
vt 0.765625 0.640625
vt 0.390625 0.234375
vt 0.390625 0.250000
vt 0.375000 0.234375
vt 0.375000 0.250000
vt 0.765625 0.625000
vt 0.765625 0.609375
vt 0.750000 0.625000
vt 0.750000 0.609375
vt 0.343750 0.250000
vt 0.343750 0.234375
vt 0.359375 0.250000
vt 0.359375 0.234375
vt 0.312500 0.250000
vt 0.312500 0.234375
vt 0.328125 0.250000
vt 0.328125 0.234375
s 0
usemtl Material_0.002
f 1236/1047/206 1238/1048/206 1237/1049/206
f 1238/1048/206 1239/1050/206 1237/1049/206
f 1240/1051/207 1242/1052/207 1241/1053/207
f 1242/1052/207 1243/1054/207 1241/1053/207
f 1244/1055/208 1246/1056/208 1245/1057/208
f 1246/1056/208 1247/1058/208 1245/1057/208
f 1248/1059/209 1250/1060/209 1249/1061/209
f 1250/1060/209 1251/1062/209 1249/1061/209
f 1252/1063/210 1254/1064/210 1253/1065/210
f 1254/1064/210 1255/1066/210 1253/1065/210
f 1256/1067/211 1258/1068/211 1257/1069/211
f 1258/1068/211 1259/1070/211 1257/1069/211
o bulletModel_67
v -0.000770 -0.769231 -2.307692
v -0.000000 -0.769231 -2.307692
v -0.000770 -1.153846 -2.307692
v -0.000000 -1.153846 -2.307692
v -0.000001 -0.769231 -2.692307
v -0.000770 -0.769231 -2.692307
v -0.000001 -1.153846 -2.692307
v -0.000770 -1.153846 -2.692307
v -0.000001 -0.769231 -2.692307
v -0.000000 -0.769231 -2.307692
v -0.000770 -0.769231 -2.692307
v -0.000770 -0.769231 -2.307692
v -0.000770 -1.153846 -2.692307
v -0.000770 -1.153846 -2.307692
v -0.000001 -1.153846 -2.692307
v -0.000000 -1.153846 -2.307692
v -0.000770 -0.769231 -2.692307
v -0.000770 -0.769231 -2.307692
v -0.000770 -1.153846 -2.692307
v -0.000770 -1.153846 -2.307692
v -0.000000 -0.769231 -2.307692
v -0.000001 -0.769231 -2.692307
v -0.000000 -1.153846 -2.307692
v -0.000001 -1.153846 -2.692307
vn -0.0000 -0.0000 1.0000
vn -0.0000 -0.0000 -1.0000
vn -0.0000 1.0000 -0.0000
vn -0.0000 -1.0000 -0.0000
vn -1.0000 -0.0000 -0.0000
vn 1.0000 -0.0000 -0.0000
vt 0.750000 0.593750
vt 0.750000 0.578125
vt 0.765625 0.593750
vt 0.765625 0.578125
vt 0.750000 0.562500
vt 0.750000 0.546875
vt 0.765625 0.562500
vt 0.765625 0.546875
vt 0.484375 0.234375
vt 0.484375 0.250000
vt 0.468750 0.234375
vt 0.468750 0.250000
vt 0.765625 0.531250
vt 0.765625 0.515625
vt 0.750000 0.531250
vt 0.750000 0.515625
vt 0.437500 0.250000
vt 0.437500 0.234375
vt 0.453125 0.250000
vt 0.453125 0.234375
vt 0.406250 0.250000
vt 0.406250 0.234375
vt 0.421875 0.250000
vt 0.421875 0.234375
s 0
usemtl Material_0.002
f 1260/1071/212 1262/1072/212 1261/1073/212
f 1262/1072/212 1263/1074/212 1261/1073/212
f 1264/1075/213 1266/1076/213 1265/1077/213
f 1266/1076/213 1267/1078/213 1265/1077/213
f 1268/1079/214 1270/1080/214 1269/1081/214
f 1270/1080/214 1271/1082/214 1269/1081/214
f 1272/1083/215 1274/1084/215 1273/1085/215
f 1274/1084/215 1275/1086/215 1273/1085/215
f 1276/1087/216 1278/1088/216 1277/1089/216
f 1278/1088/216 1279/1090/216 1277/1089/216
f 1280/1091/217 1282/1092/217 1281/1093/217
f 1282/1092/217 1283/1094/217 1281/1093/217
o bulletModel_59
v -0.000001 -1.538462 -2.692307
v 0.384615 -1.538462 -3.076923
v -0.000001 -1.538462 -3.076923
v 0.384615 -1.923077 -3.076923
v -0.000001 -1.923077 -3.076923
v -0.000001 -1.538462 -2.692307
v -0.000001 -1.538462 -3.076923
v -0.000001 -1.538462 -2.692307
v -0.000001 -1.923077 -3.076923
v -0.000001 -1.923077 -2.692307
vn -0.0000 -0.0000 -1.0000
vn -1.0000 -0.0000 -0.0000
vt 0.750000 0.468750
vt 0.750000 0.453125
vt 0.765625 0.468750
vt 0.765625 0.453125
vt 0.531250 0.250000
vt 0.531250 0.234375
vt 0.546875 0.250000
vt 0.546875 0.234375
s 0
usemtl Material_0.002
f 1285/1095/218 1287/1096/218 1286/1097/218
f 1287/1096/218 1288/1098/218 1286/1097/218
f 1290/1099/219 1292/1100/219 1291/1101/219
f 1292/1100/219 1293/1102/219 1291/1101/219
o bulletModel_57
v 0.384615 -1.923077 -3.076923
v -0.000001 -1.923077 -3.076923
v 0.384615 -2.307692 -3.076923
v -0.000001 -2.307692 -3.076923
v -0.000001 -2.307692 -3.076923
v -0.000001 -2.307692 -2.692307
v 0.384615 -2.307692 -3.076923
v 0.384615 -2.307692 -2.692307
v -0.000001 -1.923077 -3.076923
v -0.000001 -1.923077 -2.692307
v -0.000001 -2.307692 -3.076923
v -0.000001 -2.307692 -2.692307
vn -0.0000 -0.0000 -1.0000
vn -0.0000 -1.0000 -0.0000
vn -1.0000 -0.0000 -0.0000
vt 0.750000 0.375000
vt 0.750000 0.359375
vt 0.765625 0.375000
vt 0.765625 0.359375
vt 0.765625 0.343750
vt 0.765625 0.328125
vt 0.750000 0.343750
vt 0.750000 0.328125
vt 0.625000 0.250000
vt 0.625000 0.234375
vt 0.640625 0.250000
vt 0.640625 0.234375
s 0
usemtl Material_0.002
f 1294/1103/220 1296/1104/220 1295/1105/220
f 1296/1104/220 1297/1106/220 1295/1105/220
f 1298/1107/221 1300/1108/221 1299/1109/221
f 1300/1108/221 1301/1110/221 1299/1109/221
f 1302/1111/222 1304/1112/222 1303/1113/222
f 1304/1112/222 1305/1114/222 1303/1113/222
o bulletModel_53
v -0.000000 -1.923077 -2.307692
v -0.000001 -2.307692 -2.692307
v -0.000001 -2.307692 -2.692307
v -0.000000 -2.307692 -2.307692
v 0.384615 -2.307692 -2.692307
v 0.384615 -2.307692 -2.307692
v -0.000001 -1.923077 -2.692307
v -0.000000 -1.923077 -2.307692
v -0.000001 -2.307692 -2.692307
v -0.000000 -2.307692 -2.307692
vn -0.0000 -1.0000 -0.0000
vn -1.0000 -0.0000 -0.0000
vt 0.015625 0.218750
vt 0.015625 0.203125
vt 0.000000 0.218750
vt 0.000000 0.203125
vt 0.718750 0.250000
vt 0.718750 0.234375
vt 0.734375 0.250000
vt 0.734375 0.234375
s 0
usemtl Material_0.002
f 1308/1115/223 1310/1116/223 1309/1117/223
f 1310/1116/223 1311/1118/223 1309/1117/223
f 1312/1119/224 1314/1120/224 1313/1121/224
f 1314/1120/224 1315/1122/224 1313/1121/224
o bulletModel_55
v -0.000770 -1.538462 -2.307692
v -0.000000 -1.538462 -2.307692
v -0.000770 -1.923077 -2.307692
v -0.000000 -1.923077 -2.307692
v -0.000001 -1.538462 -2.692307
v -0.000770 -1.538462 -2.692307
v -0.000001 -1.923077 -2.692307
v -0.000770 -1.923077 -2.692307
v -0.000001 -1.538462 -2.692307
v -0.000000 -1.538462 -2.307692
v -0.000770 -1.538462 -2.692307
v -0.000770 -1.538462 -2.307692
v -0.000770 -1.923077 -2.692307
v -0.000770 -1.923077 -2.307692
v -0.000001 -1.923077 -2.692307
v -0.000000 -1.923077 -2.307692
v -0.000770 -1.538462 -2.692307
v -0.000770 -1.538462 -2.307692
v -0.000770 -1.923077 -2.692307
v -0.000770 -1.923077 -2.307692
v -0.000000 -1.538462 -2.307692
v -0.000001 -1.538462 -2.692307
v -0.000000 -1.923077 -2.307692
v -0.000001 -1.923077 -2.692307
vn -0.0000 -0.0000 1.0000
vn -0.0000 -0.0000 -1.0000
vn -0.0000 1.0000 -0.0000
vn -0.0000 -1.0000 -0.0000
vn -1.0000 -0.0000 -0.0000
vn 1.0000 -0.0000 -0.0000
vt 0.031250 0.218750
vt 0.031250 0.203125
vt 0.046875 0.218750
vt 0.046875 0.203125
vt 0.062500 0.218750
vt 0.062500 0.203125
vt 0.078125 0.218750
vt 0.078125 0.203125
vt 0.796875 0.921875
vt 0.796875 0.937500
vt 0.781250 0.921875
vt 0.781250 0.937500
vt 0.109375 0.218750
vt 0.109375 0.203125
vt 0.093750 0.218750
vt 0.093750 0.203125
vt 0.781250 0.968750
vt 0.781250 0.953125
vt 0.796875 0.968750
vt 0.796875 0.953125
vt 0.781250 1.000000
vt 0.781250 0.984375
vt 0.796875 1.000000
vt 0.796875 0.984375
s 0
usemtl Material_0.002
f 1316/1123/225 1318/1124/225 1317/1125/225
f 1318/1124/225 1319/1126/225 1317/1125/225
f 1320/1127/226 1322/1128/226 1321/1129/226
f 1322/1128/226 1323/1130/226 1321/1129/226
f 1324/1131/227 1326/1132/227 1325/1133/227
f 1326/1132/227 1327/1134/227 1325/1133/227
f 1328/1135/228 1330/1136/228 1329/1137/228
f 1330/1136/228 1331/1138/228 1329/1137/228
f 1332/1139/229 1334/1140/229 1333/1141/229
f 1334/1140/229 1335/1142/229 1333/1141/229
f 1336/1143/230 1338/1144/230 1337/1145/230
f 1338/1144/230 1339/1146/230 1337/1145/230
o bulletModel_51
v -0.000770 -1.538462 -1.923077
v -0.000000 -1.538462 -1.923077
v -0.000770 -1.923077 -1.923077
v -0.000000 -1.923077 -1.923077
v -0.000000 -1.538462 -2.307692
v -0.000770 -1.538462 -2.307692
v -0.000000 -1.923077 -2.307692
v -0.000770 -1.923077 -2.307692
v -0.000000 -1.538462 -2.307692
v -0.000000 -1.538462 -1.923077
v -0.000770 -1.538462 -2.307692
v -0.000770 -1.538462 -1.923077
v -0.000770 -1.923077 -2.307692
v -0.000770 -1.923077 -1.923077
v -0.000000 -1.923077 -2.307692
v -0.000000 -1.923077 -1.923077
v -0.000770 -1.538462 -2.307692
v -0.000770 -1.538462 -1.923077
v -0.000770 -1.923077 -2.307692
v -0.000770 -1.923077 -1.923077
v -0.000000 -1.538462 -1.923077
v -0.000000 -1.538462 -2.307692
v -0.000000 -1.923077 -1.923077
v -0.000000 -1.923077 -2.307692
vn -0.0000 -0.0000 1.0000
vn -0.0000 -0.0000 -1.0000
vn -0.0000 1.0000 -0.0000
vn -0.0000 -1.0000 -0.0000
vn -1.0000 -0.0000 -0.0000
vn 1.0000 -0.0000 -0.0000
vt 0.125000 0.218750
vt 0.125000 0.203125
vt 0.140625 0.218750
vt 0.140625 0.203125
vt 0.156250 0.218750
vt 0.156250 0.203125
vt 0.171875 0.218750
vt 0.171875 0.203125
vt 0.796875 0.828125
vt 0.796875 0.843750
vt 0.781250 0.828125
vt 0.781250 0.843750
vt 0.203125 0.218750
vt 0.203125 0.203125
vt 0.187500 0.218750
vt 0.187500 0.203125
vt 0.781250 0.875000
vt 0.781250 0.859375
vt 0.796875 0.875000
vt 0.796875 0.859375
vt 0.781250 0.906250
vt 0.781250 0.890625
vt 0.796875 0.906250
vt 0.796875 0.890625
s 0
usemtl Material_0.002
f 1340/1147/231 1342/1148/231 1341/1149/231
f 1342/1148/231 1343/1150/231 1341/1149/231
f 1344/1151/232 1346/1152/232 1345/1153/232
f 1346/1152/232 1347/1154/232 1345/1153/232
f 1348/1155/233 1350/1156/233 1349/1157/233
f 1350/1156/233 1351/1158/233 1349/1157/233
f 1352/1159/234 1354/1160/234 1353/1161/234
f 1354/1160/234 1355/1162/234 1353/1161/234
f 1356/1163/235 1358/1164/235 1357/1165/235
f 1358/1164/235 1359/1166/235 1357/1165/235
f 1360/1167/236 1362/1168/236 1361/1169/236
f 1362/1168/236 1363/1170/236 1361/1169/236
o bulletModel_49
v -0.000000 -2.307692 -2.307692
v -0.000000 -2.307692 -1.923077
v 0.384615 -2.307692 -2.307692
v 0.384615 -2.307692 -1.923077
v -0.000000 -1.923077 -2.307692
v -0.000000 -1.923077 -1.923077
v -0.000000 -2.307692 -2.307692
v -0.000000 -2.307692 -1.923077
vn -0.0000 -1.0000 -0.0000
vn -1.0000 -0.0000 -0.0000
vt 0.296875 0.218750
vt 0.296875 0.203125
vt 0.281250 0.218750
vt 0.281250 0.203125
vt 0.781250 0.781250
vt 0.781250 0.765625
vt 0.796875 0.781250
vt 0.796875 0.765625
s 0
usemtl Material_0.002
f 1364/1171/237 1366/1172/237 1365/1173/237
f 1366/1172/237 1367/1174/237 1365/1173/237
f 1368/1175/238 1370/1176/238 1369/1177/238
f 1370/1176/238 1371/1178/238 1369/1177/238
o bulletModel_45
v -0.000000 -2.307692 -1.923077
v -0.000000 -2.307692 -1.538461
v 0.384615 -2.307692 -1.923077
v 0.384615 -2.307692 -1.538462
v -0.000000 -1.923077 -1.923077
v -0.000000 -1.923077 -1.538461
v -0.000000 -2.307692 -1.923077
v -0.000000 -2.307692 -1.538461
vn -0.0000 -1.0000 -0.0000
vn -1.0000 -0.0000 -0.0000
vt 0.390625 0.218750
vt 0.390625 0.203125
vt 0.375000 0.218750
vt 0.375000 0.203125
vt 0.781250 0.687500
vt 0.781250 0.671875
vt 0.796875 0.687500
vt 0.796875 0.671875
s 0
usemtl Material_0.002
f 1372/1179/239 1374/1180/239 1373/1181/239
f 1374/1180/239 1375/1182/239 1373/1181/239
f 1376/1183/240 1378/1184/240 1377/1185/240
f 1378/1184/240 1379/1186/240 1377/1185/240
o bulletModel_47
v -0.000770 -1.538462 -1.538461
v -0.000000 -1.538462 -1.538461
v -0.000770 -1.923077 -1.538461
v -0.000000 -1.923077 -1.538461
v -0.000000 -1.538462 -1.923077
v -0.000770 -1.538462 -1.923077
v -0.000000 -1.923077 -1.923077
v -0.000770 -1.923077 -1.923077
v -0.000000 -1.538462 -1.923077
v -0.000000 -1.538462 -1.538461
v -0.000770 -1.538462 -1.923077
v -0.000770 -1.538462 -1.538461
v -0.000770 -1.923077 -1.923077
v -0.000770 -1.923077 -1.538461
v -0.000000 -1.923077 -1.923077
v -0.000000 -1.923077 -1.538461
v -0.000770 -1.538462 -1.923077
v -0.000770 -1.538462 -1.538461
v -0.000770 -1.923077 -1.923077
v -0.000770 -1.923077 -1.538461
v -0.000000 -1.538462 -1.538461
v -0.000000 -1.538462 -1.923077
v -0.000000 -1.923077 -1.538461
v -0.000000 -1.923077 -1.923077
vn -0.0000 -0.0000 1.0000
vn -0.0000 -0.0000 -1.0000
vn -0.0000 1.0000 -0.0000
vn -0.0000 -1.0000 -0.0000
vn -1.0000 -0.0000 -0.0000
vn 1.0000 -0.0000 -0.0000
vt 0.406250 0.218750
vt 0.406250 0.203125
vt 0.421875 0.218750
vt 0.421875 0.203125
vt 0.437500 0.218750
vt 0.437500 0.203125
vt 0.453125 0.218750
vt 0.453125 0.203125
vt 0.796875 0.546875
vt 0.796875 0.562500
vt 0.781250 0.546875
vt 0.781250 0.562500
vt 0.484375 0.218750
vt 0.484375 0.203125
vt 0.468750 0.218750
vt 0.468750 0.203125
vt 0.781250 0.593750
vt 0.781250 0.578125
vt 0.796875 0.593750
vt 0.796875 0.578125
vt 0.781250 0.625000
vt 0.781250 0.609375
vt 0.796875 0.625000
vt 0.796875 0.609375
s 0
usemtl Material_0.002
f 1380/1187/241 1382/1188/241 1381/1189/241
f 1382/1188/241 1383/1190/241 1381/1189/241
f 1384/1191/242 1386/1192/242 1385/1193/242
f 1386/1192/242 1387/1194/242 1385/1193/242
f 1388/1195/243 1390/1196/243 1389/1197/243
f 1390/1196/243 1391/1198/243 1389/1197/243
f 1392/1199/244 1394/1200/244 1393/1201/244
f 1394/1200/244 1395/1202/244 1393/1201/244
f 1396/1203/245 1398/1204/245 1397/1205/245
f 1398/1204/245 1399/1206/245 1397/1205/245
f 1400/1207/246 1402/1208/246 1401/1209/246
f 1402/1208/246 1403/1210/246 1401/1209/246
o bulletModel_43
v -0.000769 -1.538462 -1.153846
v -0.000000 -1.538462 -1.153846
v -0.000769 -1.923077 -1.153846
v -0.000000 -1.923077 -1.153846
v -0.000000 -1.538462 -1.538461
v -0.000770 -1.538462 -1.538461
v -0.000000 -1.923077 -1.538461
v -0.000770 -1.923077 -1.538461
v -0.000000 -1.538462 -1.538461
v -0.000000 -1.538462 -1.153846
v -0.000770 -1.538462 -1.538461
v -0.000769 -1.538462 -1.153846
v -0.000770 -1.923077 -1.538461
v -0.000769 -1.923077 -1.153846
v -0.000000 -1.923077 -1.538461
v -0.000000 -1.923077 -1.153846
v -0.000770 -1.538462 -1.538461
v -0.000769 -1.538462 -1.153846
v -0.000770 -1.923077 -1.538461
v -0.000769 -1.923077 -1.153846
v -0.000000 -1.538462 -1.153846
v -0.000000 -1.538462 -1.538461
v -0.000000 -1.923077 -1.153846
v -0.000000 -1.923077 -1.538461
vn -0.0000 -0.0000 1.0000
vn -0.0000 -0.0000 -1.0000
vn -0.0000 1.0000 -0.0000
vn -0.0000 -1.0000 -0.0000
vn -1.0000 -0.0000 -0.0000
vn 1.0000 -0.0000 -0.0000
vt 0.500000 0.218750
vt 0.500000 0.203125
vt 0.515625 0.218750
vt 0.515625 0.203125
vt 0.531250 0.218750
vt 0.531250 0.203125
vt 0.546875 0.218750
vt 0.546875 0.203125
vt 0.796875 0.453125
vt 0.796875 0.468750
vt 0.781250 0.453125
vt 0.781250 0.468750
vt 0.578125 0.218750
vt 0.578125 0.203125
vt 0.562500 0.218750
vt 0.562500 0.203125
vt 0.781250 0.500000
vt 0.781250 0.484375
vt 0.796875 0.500000
vt 0.796875 0.484375
vt 0.781250 0.531250
vt 0.781250 0.515625
vt 0.796875 0.531250
vt 0.796875 0.515625
s 0
usemtl Material_0.002
f 1404/1211/247 1406/1212/247 1405/1213/247
f 1406/1212/247 1407/1214/247 1405/1213/247
f 1408/1215/248 1410/1216/248 1409/1217/248
f 1410/1216/248 1411/1218/248 1409/1217/248
f 1412/1219/249 1414/1220/249 1413/1221/249
f 1414/1220/249 1415/1222/249 1413/1221/249
f 1416/1223/250 1418/1224/250 1417/1225/250
f 1418/1224/250 1419/1226/250 1417/1225/250
f 1420/1227/251 1422/1228/251 1421/1229/251
f 1422/1228/251 1423/1230/251 1421/1229/251
f 1424/1231/252 1426/1232/252 1425/1233/252
f 1426/1232/252 1427/1234/252 1425/1233/252
o bulletModel_41
v -0.000000 -1.923077 -1.153846
v -0.000000 -2.307692 -1.538461
v -0.000000 -2.307692 -1.538461
v -0.000000 -2.307692 -1.153846
v 0.384615 -2.307692 -1.538462
v 0.384615 -2.307692 -1.153846
v -0.000000 -1.923077 -1.538461
v -0.000000 -1.923077 -1.153846
v -0.000000 -2.307692 -1.538461
v -0.000000 -2.307692 -1.153846
vn -0.0000 -1.0000 -0.0000
vn -1.0000 -0.0000 -0.0000
vt 0.671875 0.218750
vt 0.671875 0.203125
vt 0.656250 0.218750
vt 0.656250 0.203125
vt 0.781250 0.406250
vt 0.781250 0.390625
vt 0.796875 0.406250
vt 0.796875 0.390625
s 0
usemtl Material_0.002
f 1430/1235/253 1432/1236/253 1431/1237/253
f 1432/1236/253 1433/1238/253 1431/1237/253
f 1434/1239/254 1436/1240/254 1435/1241/254
f 1436/1240/254 1437/1242/254 1435/1241/254
o bulletModel_35
v -0.000000 -1.538462 -0.384615
v 0.384615 -1.538462 -0.384615
v -0.000000 -1.923077 -0.384615
v 0.384615 -1.923077 -0.384615
v 0.384615 -1.538462 -0.769231
v 0.384615 -1.538462 -0.384615
v -0.000000 -1.538462 -0.769231
v -0.000000 -1.538462 -0.384615
v -0.000000 -1.538462 -0.769231
v -0.000000 -1.538462 -0.384615
v -0.000000 -1.923077 -0.769231
v -0.000000 -1.923077 -0.384615
v 0.384615 -1.538462 -0.384615
vn -0.0000 -0.0000 1.0000
vn -0.0000 1.0000 -0.0000
vn -1.0000 -0.0000 -0.0000
vt 0.687500 0.218750
vt 0.687500 0.203125
vt 0.703125 0.218750
vt 0.703125 0.203125
vt 0.796875 0.265625
vt 0.796875 0.281250
vt 0.781250 0.265625
vt 0.781250 0.281250
vt 0.781250 0.312500
vt 0.781250 0.296875
vt 0.796875 0.312500
vt 0.796875 0.296875
s 0
usemtl Material_0.002
f 1438/1243/255 1440/1244/255 1439/1245/255
f 1440/1244/255 1441/1246/255 1439/1245/255
f 1442/1247/256 1444/1248/256 1443/1249/256
f 1444/1248/256 1445/1250/256 1443/1249/256
f 1446/1251/257 1448/1252/257 1447/1253/257
f 1448/1252/257 1449/1254/257 1447/1253/257
o bulletModel_33
v -0.000000 -1.923077 -0.384615
v 0.384615 -1.923077 -0.384615
v -0.000000 -2.307692 -0.384615
v 0.384615 -2.307692 -0.384615
v -0.000000 -2.307692 -0.769231
v -0.000000 -1.923077 -0.384615
v -0.000000 -2.307692 -0.769231
v -0.000000 -2.307692 -0.384615
v 0.384615 -2.307692 -0.769231
v 0.384615 -2.307692 -0.384615
v -0.000000 -1.923077 -0.769231
v -0.000000 -1.923077 -0.384615
v -0.000000 -2.307692 -0.769231
v -0.000000 -2.307692 -0.384615
vn -0.0000 -0.0000 1.0000
vn -0.0000 -1.0000 -0.0000
vn -1.0000 -0.0000 -0.0000
vt 0.781250 0.218750
vt 0.781250 0.203125
vt 0.796875 0.218750
vt 0.796875 0.203125
vt 0.828125 0.968750
vt 0.828125 0.953125
vt 0.812500 0.968750
vt 0.812500 0.953125
vt 0.000000 0.187500
vt 0.000000 0.171875
vt 0.015625 0.187500
vt 0.015625 0.171875
s 0
usemtl Material_0.002
f 1451/1255/258 1453/1256/258 1452/1257/258
f 1453/1256/258 1454/1258/258 1452/1257/258
f 1457/1259/259 1459/1260/259 1458/1261/259
f 1459/1260/259 1460/1262/259 1458/1261/259
f 1461/1263/260 1463/1264/260 1462/1265/260
f 1463/1264/260 1464/1266/260 1462/1265/260
o bulletModel_37
v -0.000000 -1.923077 -0.769231
v -0.000000 -2.307692 -1.153846
v -0.000000 -2.307692 -1.153846
v -0.000000 -2.307692 -0.769231
v 0.384615 -2.307692 -1.153846
v 0.384615 -2.307692 -0.769231
v -0.000000 -1.923077 -1.153846
v -0.000000 -1.923077 -0.769231
v -0.000000 -2.307692 -1.153846
v -0.000000 -2.307692 -0.769231
vn -0.0000 -1.0000 -0.0000
vn -1.0000 -0.0000 -0.0000
vt 0.828125 0.875000
vt 0.828125 0.859375
vt 0.812500 0.875000
vt 0.812500 0.859375
vt 0.093750 0.187500
vt 0.093750 0.171875
vt 0.109375 0.187500
vt 0.109375 0.171875
s 0
usemtl Material_0.002
f 1467/1267/261 1469/1268/261 1468/1269/261
f 1469/1268/261 1470/1270/261 1468/1269/261
f 1471/1271/262 1473/1272/262 1472/1273/262
f 1473/1272/262 1474/1274/262 1472/1273/262
o bulletModel_39
v -0.000769 -1.538462 -0.769231
v -0.000000 -1.538462 -0.769231
v -0.000769 -1.923077 -0.769231
v -0.000000 -1.923077 -0.769231
v -0.000000 -1.538462 -1.153846
v -0.000769 -1.538462 -1.153846
v -0.000000 -1.923077 -1.153846
v -0.000769 -1.923077 -1.153846
v -0.000000 -1.538462 -1.153846
v -0.000000 -1.538462 -0.769231
v -0.000769 -1.538462 -1.153846
v -0.000769 -1.538462 -0.769231
v -0.000769 -1.923077 -1.153846
v -0.000769 -1.923077 -0.769231
v -0.000000 -1.923077 -1.153846
v -0.000000 -1.923077 -0.769231
v -0.000769 -1.538462 -1.153846
v -0.000769 -1.538462 -0.769231
v -0.000769 -1.923077 -1.153846
v -0.000769 -1.923077 -0.769231
v -0.000000 -1.538462 -0.769231
v -0.000000 -1.538462 -1.153846
v -0.000000 -1.923077 -0.769231
v -0.000000 -1.923077 -1.153846
vn -0.0000 -0.0000 1.0000
vn -0.0000 -0.0000 -1.0000
vn -0.0000 1.0000 -0.0000
vn -0.0000 -1.0000 -0.0000
vn -1.0000 -0.0000 -0.0000
vn 1.0000 -0.0000 -0.0000
vt 0.812500 0.843750
vt 0.812500 0.828125
vt 0.828125 0.843750
vt 0.828125 0.828125
vt 0.812500 0.812500
vt 0.812500 0.796875
vt 0.828125 0.812500
vt 0.828125 0.796875
vt 0.234375 0.171875
vt 0.234375 0.187500
vt 0.218750 0.171875
vt 0.218750 0.187500
vt 0.828125 0.781250
vt 0.828125 0.765625
vt 0.812500 0.781250
vt 0.812500 0.765625
vt 0.187500 0.187500
vt 0.187500 0.171875
vt 0.203125 0.187500
vt 0.203125 0.171875
vt 0.156250 0.187500
vt 0.156250 0.171875
vt 0.171875 0.187500
vt 0.171875 0.171875
s 0
usemtl Material_0.002
f 1475/1275/263 1477/1276/263 1476/1277/263
f 1477/1276/263 1478/1278/263 1476/1277/263
f 1479/1279/264 1481/1280/264 1480/1281/264
f 1481/1280/264 1482/1282/264 1480/1281/264
f 1483/1283/265 1485/1284/265 1484/1285/265
f 1485/1284/265 1486/1286/265 1484/1285/265
f 1487/1287/266 1489/1288/266 1488/1289/266
f 1489/1288/266 1490/1290/266 1488/1289/266
f 1491/1291/267 1493/1292/267 1492/1293/267
f 1493/1292/267 1494/1294/267 1492/1293/267
f 1495/1295/268 1497/1296/268 1496/1297/268
f 1497/1296/268 1498/1298/268 1496/1297/268
o bulletModel_93
v -0.000769 -0.769231 -1.153846
v -0.000000 -0.769231 -1.153846
v -0.000769 -1.153846 -1.153846
v -0.000000 -1.153846 -1.153846
v -0.000000 -0.769231 -1.538461
v -0.000770 -0.769231 -1.538461
v -0.000000 -1.153846 -1.538461
v -0.000770 -1.153846 -1.538461
v -0.000000 -0.769231 -1.538461
v -0.000000 -0.769231 -1.153846
v -0.000770 -0.769231 -1.538461
v -0.000769 -0.769231 -1.153846
v -0.000770 -1.153846 -1.538461
v -0.000769 -1.153846 -1.153846
v -0.000000 -1.153846 -1.538461
v -0.000000 -1.153846 -1.153846
v -0.000770 -0.769231 -1.538461
v -0.000769 -0.769231 -1.153846
v -0.000770 -1.153846 -1.538461
v -0.000769 -1.153846 -1.153846
v -0.000000 -0.769231 -1.153846
v -0.000000 -0.769231 -1.538461
v -0.000000 -1.153846 -1.153846
v -0.000000 -1.153846 -1.538461
vn -0.0000 -0.0000 1.0000
vn -0.0000 -0.0000 -1.0000
vn -0.0000 1.0000 -0.0000
vn -0.0000 -1.0000 -0.0000
vn -1.0000 -0.0000 -0.0000
vn 1.0000 -0.0000 -0.0000
vt 0.812500 0.750000
vt 0.812500 0.734375
vt 0.828125 0.750000
vt 0.828125 0.734375
vt 0.812500 0.718750
vt 0.812500 0.703125
vt 0.828125 0.718750
vt 0.828125 0.703125
vt 0.328125 0.171875
vt 0.328125 0.187500
vt 0.312500 0.171875
vt 0.312500 0.187500
vt 0.828125 0.687500
vt 0.828125 0.671875
vt 0.812500 0.687500
vt 0.812500 0.671875
vt 0.281250 0.187500
vt 0.281250 0.171875
vt 0.296875 0.187500
vt 0.296875 0.171875
vt 0.250000 0.187500
vt 0.250000 0.171875
vt 0.265625 0.187500
vt 0.265625 0.171875
s 0
usemtl Material_0.002
f 1499/1299/269 1501/1300/269 1500/1301/269
f 1501/1300/269 1502/1302/269 1500/1301/269
f 1503/1303/270 1505/1304/270 1504/1305/270
f 1505/1304/270 1506/1306/270 1504/1305/270
f 1507/1307/271 1509/1308/271 1508/1309/271
f 1509/1308/271 1510/1310/271 1508/1309/271
f 1511/1311/272 1513/1312/272 1512/1313/272
f 1513/1312/272 1514/1314/272 1512/1313/272
f 1515/1315/273 1517/1316/273 1516/1317/273
f 1517/1316/273 1518/1318/273 1516/1317/273
f 1519/1319/274 1521/1320/274 1520/1321/274
f 1521/1320/274 1522/1322/274 1520/1321/274
